id,이름_한글,이름_영문,도수구간,최소도수,최대도수,스타일,베이스,맛단계,잔,계절,재료_원문,재료_목록,맛,분위기,제조단계수,제조순서,제조단계_출처,추천수,어려워요수,북마크수,유래,이미지_URL,잔이미지_URL,등록일,수정일,taste_sweet,taste_sour,taste_bitter,taste_boozy,taste_body,taste_fizz,flavor_citrus,flavor_tropical,flavor_berry_red,flavor_stone_orchard,flavor_herbal,flavor_mint,flavor_floral,flavor_spice,flavor_coffee_choco,flavor_creamy_nutty,flavor_oak_caramel,flavor_smoky,flavor_anise,flavor_savory,occasion_aperitif,occasion_with_meal,occasion_dessert,occasion_party,occasion_refresh,occasion_slow_sip,occasion_brunch,v2_abv,approachability,familiarity,complexity,polarizing,v2_bases,serve,recipeStatus,allergens
"1","아메리카노","Americano","약함","8","10","스페셜","리큐르",,"하이볼","여름","캄파리 30ml (1 oz), 스위트 베르무트 30ml (1 oz), 탄산수 60ml (2 oz), 오렌지 슬라이스",,"쌉싸름, 허브향, 상큼, 탄산, 시트러스","식전, 오후의 휴식, 가벼운, 클래식","3","1. 얼음을 채운 글라스에 캄파리 30ml와 스위트 베르무트 30ml를 붓는다. / 2. 탄산수로 채운다. / 3. 오렌지 슬라이스로 가니시한다.","MANUAL","0","0","0","1860년대 이탈리아 밀라노에서 가스파레 캄파리(Gaspare Campari)가 자신의 바에서 처음 선보인 칵테일.
미국인 관광객들이 즐겨 마신다고 하여 '아메리카노'라는 이름이 붙었다는 설이 가장 유력함.
제임스 본드 소설 '카지노 로얄'에서 본드가 주문한 첫 번째 칵테일로 언급되어 더욱 유명해짐.","http://onz-cocktail.kr/uploads/cocktails/onz_cocktail_Americano.webp","http://onz-cocktail.kr/uploads/glasses/onz_glasstype_highball.webp","2026-01-12 17:55:00.46068","2026-01-12 17:55:00.46068","2","1","4","1","1","4","3","0","0","0","3","0","0","0","0","0","0","0","0","0","3","0","0","0","2","0","0","9","3","3","2","0","liqueur|fortified","long","verified",
"2","벨리니","Bellini","약함","8","10","라이트","와인",,"플루트","여름","프로세코 100ml (3⅓ oz), 백도 복숭아 퓌레 50ml (1⅔ oz), 복숭아 조각",,"복숭아, 상큼, 부드러운, 과일향, 스파클링","브런치, 축하, 우아한, 가벼운","3","1. 플루트 잔에 얼음을 채운다. / 2. 백도 복숭아 퓌레 50ml (1⅔ oz), 복숭아 조각을 붓는다. / 3. 프로세코 100ml (3⅓ oz)를 잔 벽을 따라 천천히 채운다.","AUTO","0","0","1","1948년 이탈리아 베니스의 해리스 바(Harry's Bar) 오너인 주세페 치프리아니(Giuseppe Cipriani)가 처음 만듦.
칵테일의 분홍빛이 15세기 르네상스 화가 조반니 벨리니(Giovanni Bellini)의 그림 속 성자의 토가 색과 비슷하여 그의 이름을 따 명명.
원래는 흰 복숭아 퓨레와 프로세코로만 만드는 것이 정통 방식으로, 헤밍웨이 등 유명인사들이 즐겨 마심.","http://onz-cocktail.kr/uploads/cocktails/onz_cocktail_Bellini.webp","http://onz-cocktail.kr/uploads/glasses/onz_glasstype_flute.webp","2026-01-12 17:55:00.46421","2026-01-12 17:55:00.46421","3","1","0","0","2","4","0","0","0","5","0","0","0","0","0","0","0","0","0","0","2","0","0","2","0","0","3","8","5","3","1","0","sparkling","up","verified",
"3","블랙 러시안","Black Russian","강함","28","30","스트롱","보드카",,"록스","겨울","보드카 50ml (1⅔ oz), 커피 리큐르 20ml (⅔ oz)",,"달콤, 커피, 쌉싸름, 묵직한","야간 바, 느긋한 시간","3","1. 락 글라스에 얼음을 채운다. / 2. 보드카 50ml와 커피 리큐어 20ml를 붓는다. / 3. 바 스푼으로 가볍게 젓는다.","MANUAL","0","0","1","1949년 벨기에 브뤼셀의 호텔 메트로폴 바에서 구스타브 탑(Gustave Tops)이 만든 칵테일.
당시 주미 룩셈부르크 대사였던 펄 메스타(Perle Mesta)를 위해 창작됨.
'블랙'은 커피 리큐르의 검은색을, '러시안'은 주재료인 보드카의 원산지 러시아를 의미함.","http://onz-cocktail.kr/uploads/cocktails/onz_cocktail_Black_Russian.webp","http://onz-cocktail.kr/uploads/glasses/onz_glasstype_rocks.webp","2026-01-12 17:55:00.4658","2026-01-12 17:55:00.4658","4","0","2","4","3","0","0","0","0","0","0","0","0","0","5","0","0","0","0","0","0","0","3","0","0","2","0","29","3","3","2","0","vodka|liqueur","rocks","verified","caffeine"
"4","샴페인 칵테일","Champagne Cocktail","약함","10","12","라이트","와인",,"플루트","사계절","샴페인 90ml (3 oz), 코냑 10ml (⅓ oz), 각설탕 1개, 앙고스투라 비터 2 dashes, 오렌지 필 제스트, 마라스키노 체리",,"스파클링, 상큼, 쌉싸름, 은은한 단맛","축하, 파티, 우아한, 기념일","5","1. 플루트 잔에 각설탕 1개를 넣고 가볍게 으깬다. / 2. 코냑 10ml (⅓ oz), 앙고스투라 비터 2 dashes를 넣는다. / 3. 플루트 잔에 얼음을 채운다. / 4. 샴페인 90ml (3 oz)로 채우고 한 번만 가볍게 젓는다. / 5. 오렌지 필 제스트, 마라스키노 체리로 장식한다.","AUTO","0","0","1","1850년대 미국에서 처음 기록되었으며, 1862년 제리 토마스(Jerry Thomas)의 『Bar-tender’s Guide』에 공식적으로 등장.
전통적으로 샴페인 + 각설탕 + 앙고스투라 비터스 + 브랜디 조합으로 만들어짐.
심플하면서도 우아한 스타일 덕분에 19세기 후반~20세기 초 고급 사교 모임과 유럽 귀족 문화에서 큰 인기를 얻음.","http://onz-cocktail.kr/uploads/cocktails/onz_cocktail_Champagne_Cocktail.webp","http://onz-cocktail.kr/uploads/glasses/onz_glasstype_flute.webp","2026-01-12 17:55:00.46722","2026-01-12 17:55:00.46722","3","1","0","2","2","4","2","0","0","0","0","0","0","1","0","0","1","0","0","0","2","0","0","3","0","0","0","11","4","3","2","0","sparkling|brandy","up","verified",
"5","쿠바 리브레","Cuba Libre","약함","9","12","라이트","럼",,"하이볼","여름","화이트 럼 50ml (1⅔ oz), 라임 주스 10ml (⅓ oz), 콜라 120ml (4 oz), 라임 웨지",,"콜라, 시트러스, 상큼, 톡쏘는","캐주얼, 홈파티","4","1. 하이볼 잔에 얼음을 잔 끝까지 넣는다. / 2. 화이트 럼 50ml (1⅔ oz), 라임 주스 10ml (⅓ oz)를 붓는다. / 3. 콜라 120ml (4 oz)를 잔 벽을 따라 천천히 채운다. / 4. 라임 웨지로 장식한다.","AUTO","0","0","0","1900년경 쿠바 독립 전쟁 직후 아바나에서 탄생했다고 알려짐.
미군 대위가 럼에 콜라와 라임을 섞어 마시며 ""Por Cuba Libre!"" (자유 쿠바 만세!)를 외친 것에서 유래.
럼 앤 콕(Rum and Coke)과 사실상 같지만, 라임즙을 짜 넣는 것이 '쿠바 리브레'의 핵심적인 차이.","http://onz-cocktail.kr/uploads/cocktails/onz_cocktail_Cuba_Libre.webp","http://onz-cocktail.kr/uploads/glasses/onz_glasstype_highball.webp","2026-01-12 17:55:00.468631","2026-01-12 17:55:00.468631","4","1","0","1","1","4","2","0","0","0","0","0","0","1","0","0","0","0","0","0","0","0","0","3","2","0","0","10","5","5","0","0","rum","long","verified","caffeine"
"6","다이키리","Daiquiri","강함","22","25","클래식","럼",,"쿠페","여름","화이트 럼 50ml (1⅔ oz), 라임 주스 25ml (⅚ oz), 설탕 시럽 15ml (½ oz)",,"새콤달콤, 라임, 깔끔한, 클래식","휴양지, 식전, 깔끔한, 더운 날","4","1. 셰이커에 얼음을 가득 채운다. / 2. 화이트 럼 60ml, 라임 주스 25ml, 심플 시럽 15ml를 넣는다. / 3. 15초간 강하게 셰이킹한다. / 4. 차갑게 식힌 쿠페 글라스에 더블 스트레이닝하여 따른다.","MANUAL","0","0","1","1898년 쿠바의 광산 도시 다이키리에서 미국인 광산 기사 제닝스 콕스(Jennings Cox)가 만들었다는 설이 정설.
럼, 라임, 설탕이라는 단순한 조합으로 완벽한 균형을 이루는 칵테일의 기본 중 하나.
어니스트 헤밍웨이가 사랑한 칵테일로 유명하며, 그의 이름을 딴 '헤밍웨이 스페셜' 등 수많은 변형이 존재.","http://onz-cocktail.kr/uploads/cocktails/onz_cocktail_Daiquiri.webp","http://onz-cocktail.kr/uploads/glasses/onz_glasstype_coupe.webp","2026-01-12 17:55:00.47","2026-01-12 17:55:00.47","3","4","0","3","1","0","4","0","0","0","0","0","0","0","0","0","0","0","0","0","2","0","0","0","2","0","0","23","4","5","2","0","rum","up","verified",
"7","가리발디","Garibaldi","약함","7","9","라이트","리큐르",,"하이볼","여름","캄파리 45ml (1½ oz), 오렌지 주스(신선) 120ml (4 oz)",,"오렌지, 쌉싸름, 상큼, 부드러운 거품","식전, 브런치, 가벼운, 이탈리아","4","1. 셰이커에 얼음을 가득 채운다. / 2. 캄파리 45ml (1½ oz), 오렌지 주스(신선) 120ml (4 oz)를 넣는다. / 3. 15초간 강하게 흔든다. / 4. 하이볼 잔에 얼음을 잔 끝까지 넣는다. 그 위에 걸러 따른다.","AUTO","0","0","0","이탈리아 통일의 영웅 주세페 가리발디의 이름에서 유래한 칵테일. 
북부 이탈리아의 캄파리(붉은 셔츠)와 남부 시칠리아의 오렌지(오렌지 원정)의 만남을 상징.
간단한 재료로 이탈리아의 맛을 느낄 수 있는 대표적인 아페리티보(식전주).","http://onz-cocktail.kr/uploads/cocktails/onz_cocktail_Garibaldi.webp","http://onz-cocktail.kr/uploads/glasses/onz_glasstype_highball.webp","2026-01-12 17:55:00.471196","2026-01-12 17:55:00.471196","3","1","3","1","2","0","5","0","0","0","2","0","0","0","0","0","0","0","0","0","3","0","0","0","0","0","3","8","3","2","2","0","liqueur","long","verified",
"8","진 피즈","Gin Fizz","보통","12","15","스탠다드","진",,"하이볼","봄","진 45ml (1½ oz), 레몬 주스 30ml (1 oz), 설탕시럽 10ml (⅓ oz), 탄산수 약간, 레몬 슬라이스, 레몬 제스트",,"상큼, 탄산, 시트러스, 청량감","상쾌한, 가벼운, 오후, 더운 날","4","1. 셰이커에 진 45ml, 레몬 주스 25ml, 심플 시럽 15ml를 넣는다. / 2. 얼음을 넣고 15초 셰이킹한다. / 3. 얼음을 넣은 하이볼 글라스에 스트레이닝한다. / 4. 탄산수로 채운다.","MANUAL","0","0","0","진 피즈는 19세기 중반 미국에서 만들어진 칵테일.
1876년 Jerry Thomas의 조주서에 실리면서 클래식 칵테일로 자리매김.
이후 뉴올리언스의 헨리 램지(Henry C. Ramos)가 “라마스 진 피즈”로 더 유명하게 만들며 변주가 확산됨.","http://onz-cocktail.kr/uploads/cocktails/onz_cocktail_Gin_Fizz.webp","http://onz-cocktail.kr/uploads/glasses/onz_glasstype_highball.webp","2026-01-12 17:55:00.472561","2026-01-12 17:55:00.472561","3","4","0","0","2","3","4","0","0","0","2","0","0","0","0","0","0","0","0","0","2","0","0","0","3","0","0","13","4","4","2","0","gin","long","verified","egg"
"9","존 콜린스","John Collins","보통","12","14","스탠다드","진",,"콜린스","여름","진 45ml (1½ oz), 레몬 주스 30ml (1 oz), 설탕 시럽 15ml (½ oz), 탄산수 60ml (2 oz), 레몬 웨지",,"상큼, 레몬, 청량, 시트러스","야외파티, 캐주얼 모임, 여름 저녁, 데이타임, 리프레시","4","1. 콜린스 잔에 얼음을 잔 끝까지 넣는다. / 2. 진 45ml (1½ oz), 레몬 주스 30ml (1 oz), 설탕 시럽 15ml (½ oz)를 붓는다. / 3. 탄산수 60ml (2 oz)를 잔 벽을 따라 천천히 채운다. / 4. 레몬 웨지로 장식한다.","AUTO","0","0","0","19세기 런던 리머스 호텔(Limmer’s Hotel) 바의 수석 웨이터 존 콜린스(John Collins) 가 처음 선보였다고 전해짐.
당시 인기 있던 진 펀치(Gin Punch) 가 단순화·개량되면서 만들어졌으며, 초기에는 네덜란드산 제네바 진(Genever Gin) 사용.
이후 올드 톰 진으로 만들면 ‘톰 콜린스(Tom Collins)’, 버번으로 만들면 ‘버번 콜린스’ 등 변주가 생겼고, 오늘날까지 이어짐.","http://onz-cocktail.kr/uploads/cocktails/onz_cocktail_John_Collins.webp","http://onz-cocktail.kr/uploads/glasses/onz_glasstype_collins.webp","2026-01-12 17:55:00.4738","2026-01-12 17:55:00.4738","3","3","0","0","2","4","4","0","0","0","2","0","0","0","0","0","0","0","0","0","0","0","0","2","3","0","0","13","5","4","2","0","gin","long","verified",
"10","키르","Kir","약함","9","11","라이트","와인",,"와인 글라스","봄","드라이 화이트 와인 90ml (3 oz), 크렘 드 카시스 15ml (½ oz)",,"베리, 상큼, 은은한 단맛, 와인","식전, 가벼운, 우아한, 프랑스","3","1. 믹싱 글라스에 얼음을 채우고 드라이 화이트 와인 90ml (3 oz), 크렘 드 카시스 15ml (½ oz)를 넣는다. / 2. 20~30초간 충분히 젓는다. / 3. 미리 차갑게 식힌 와인 글라스에 걸러 따른다.","AUTO","1","1","0","제2차 세계대전 이후 프랑스 부르고뉴 지방 디종의 시장 펠릭스 키르(Félix Kir)가 대중화시킨 칵테일.
그는 지역 특산물인 화이트 와인과 크렘 드 카시스를 홍보하기 위해 공식 리셉션에서 이 칵테일을 제공함.
화이트 와인 대신 샴페인을 사용하면 '키르 로열(Kir Royal)'이라는 변형 칵테일이 됨.","http://onz-cocktail.kr/uploads/cocktails/onz_cocktail_Kir.webp","http://onz-cocktail.kr/uploads/glasses/onz_glasstype_wine_glass.webp","2026-01-12 17:55:00.475126","2026-01-12 17:55:00.475126","3","2","0","1","2","0","0","0","4","0","0","0","0","0","0","0","0","0","0","0","3","2","0","0","0","0","0","10","4","3","2","0","wine|liqueur","up","verified",
"11","레몬 드롭 마티니","Lemon Drop Martini","강함","22","24","스트롱","보드카",,"칵테일 글라스","봄","보드카 시트론 30ml (1 oz), 트리플 섹 20ml (⅔ oz), 레몬 주스 15ml (½ oz), 설탕 림",,"상큼, 달콤, 시트러스, 상쾌함","여성 인기, 파티, 달콤한, 여성적인, 상큼한","4","1. 셰이커에 얼음을 가득 채운다. / 2. 보드카 시트론 30ml (1 oz), 트리플 섹 20ml (⅔ oz), 레몬 주스 15ml (½ oz), 설탕 림을 넣는다. / 3. 15초간 강하게 흔든다. / 4. 미리 차갑게 식힌 칵테일 글라스에 걸러 따른다.","AUTO","0","0","0","1970년대 샌프란시스코의 한 바에서 처음 만들어졌으며, 동명의 레몬 사탕에서 이름을 따옴. 
'펀(Fun)' 칵테일의 시초 중 하나로, 클래식 마티니와는 전혀 다른 새콤달콤한 맛을 지님. 
잔 테두리에 설탕을 묻혀 마시는 것이 특징이며, 오프라 윈프리가 가장 좋아하는 칵테일로 알려져 유명해짐.","http://onz-cocktail.kr/uploads/cocktails/onz_cocktail_Lemon_Drop_Martini.webp","http://onz-cocktail.kr/uploads/glasses/onz_glasstype_coupe.webp","2026-01-12 17:55:00.476468","2026-01-12 17:55:00.476468","4","4","0","3","1","0","5","0","0","0","0","0","0","0","0","0","0","0","0","0","0","0","0","3","0","0","0","23","4","4","2","0","vodka|liqueur","up","verified",
"12","마가리타","Margarita","강함","24","30","클래식","테킬라",,"마가리타","여름","테킬라 50ml (1⅔ oz), 트리플 섹 20ml (⅔ oz), 라임 주스 20ml (⅔ oz), 소금 림",,"상큼, 시트러스, 짭짤한, 오렌지 향","파티, 바캉스","4","1. 글라스 테두리를 라임으로 적시고 소금을 묻힌다. / 2. 셰이커에 얼음, 데킬라 50ml, 쿠앵트로 20ml, 라임 주스 20ml를 넣는다. / 3. 15초간 셰이킹한다. / 4. 얼음을 넣은 글라스에 스트레이닝하여 따른다.","MANUAL","0","1","1","1930~40년대 멕시코 또는 미국에서 만들어졌으며, 기원에 대한 다양한 설이 존재함.
가장 유명한 설은 1948년 사교계 명사 마가리타 샘즈가 파티에서 처음 선보였다는 이야기.
잔 테두리에 소금을 묻히는 '리밍' 스타일과 새콤짭짤한 맛으로 전 세계적인 인기를 누리는 테킬라 칵테일의 대명사.","http://onz-cocktail.kr/uploads/cocktails/onz_cocktail_Margarita.webp","http://onz-cocktail.kr/uploads/glasses/onz_glasstype_margarita.webp","2026-01-12 17:55:00.477874","2026-01-12 17:55:00.477874","3","4","0","3","1","0","5","0","0","0","0","0","0","0","0","0","0","0","0","2","0","2","0","3","2","0","0","25","4","5","2","0","tequila|liqueur","up","verified",
"13","메리 픽포드","Mary Pickford","보통","18","20","스탠다드","럼",,"칵테일 글라스","여름","화이트 럼 45ml (1½ oz), 파인애플 주스 45ml (1½ oz), 그레나딘 5ml (⅙ oz), 마라스키노 리큐르 5ml (⅙ oz)",,"파인애플, 달콤, 라이트, 체리 향","클래식 바, 칵테일 타임","4","1. 셰이커에 얼음을 가득 채운다. / 2. 화이트 럼 45ml (1½ oz), 파인애플 주스 45ml (1½ oz), 그레나딘 5ml (⅙ oz), 마라스키노 리큐르 5ml (⅙ oz)를 넣는다. / 3. 15초간 강하게 흔든다. / 4. 미리 차갑게 식힌 칵테일 글라스에 걸러 따른다.","AUTO","0","1","2","1920년대 금주법 시대에 쿠바를 여행하던 '미국의 연인'이라 불린 무성영화 배우 메리 픽포드를 위해 만들어짐.
쿠바의 한 바에서 그녀에게 헌정된 칵테일로, 파인애플과 석류의 달콤함이 특징.
당시 쿠바에서 유행하던 럼 베이스 칵테일 중 하나로, 부드럽고 마시기 편해 인기를 끌었음.","http://onz-cocktail.kr/uploads/cocktails/onz_cocktail_Mary_Pickford.webp","http://onz-cocktail.kr/uploads/glasses/onz_glasstype_coupe.webp","2026-01-12 17:55:00.478987","2026-01-12 17:55:00.478987","4","1","0","2","2","0","0","4","2","0","0","0","0","0","0","0","0","0","0","0","0","0","1","2","0","0","0","19","4","2","3","0","rum|liqueur","up","verified",
"14","미모사","Mimosa","약함","6","8","라이트","와인",,"플루트","봄","스파클링 와인 75ml (2½ oz), 오렌지 주스 75ml (2½ oz)",,"오렌지, 스파클링, 상큼, 가벼움","브런치, 축하 자리","3","1. 플루트 잔에 얼음을 채운다. / 2. 오렌지 주스 75ml (2½ oz)를 붓는다. / 3. 스파클링 와인 75ml (2½ oz)를 잔 벽을 따라 천천히 채운다.","AUTO","0","0","0","1925년 파리 리츠 호텔의 바텐더 프랭크 마이어(Frank Meier)가 처음 만들었다는 설이 유력함.
칵테일의 색깔이 노란 '미모사' 꽃과 비슷하다고 하여 이름이 붙여짐.
샴페인과 오렌지 주스를 1:1로 섞는 간단한 레시피로, 전 세계 브런치 메뉴의 필수 요소.","http://onz-cocktail.kr/uploads/cocktails/onz_cocktail_Mimosa.webp","http://onz-cocktail.kr/uploads/glasses/onz_glasstype_flute.webp","2026-01-12 17:55:00.480166","2026-01-12 17:55:00.480166","3","2","0","0","1","4","5","0","0","0","0","0","0","0","0","0","0","0","0","0","0","0","0","0","0","0","3","7","5","5","0","0","sparkling","up","verified",
"15","모히또","Mojito","보통","15","18","스탠다드","럼",,"하이볼","여름","화이트 럼 45ml (1½ oz), 라임 주스 20ml (⅔ oz), 설탕 2 tsp, 민트 잎 6장, 탄산수, 라임 슬라이스",,"민트, 라임, 상큼, 탄산, 청량","여름밤, 해변","5","1. 글라스에 라임 4조각과 민트 잎 8~10장, 설탕 2티스푼을 넣는다. / 2. 머들러로 민트와 라임을 가볍게 으깬다. / 3. 으깬 얼음을 절반 채우고 화이트 럼 50ml를 붓는다. / 4. 탄산수로 채우고 바 스푼으로 가볍게 젓는다. / 5. 민트 가지로 가니시한다.","MANUAL","0","0","1","16세기 해적 프랜시스 드레이크의 선원들이 마시던 음료에서 유래했다는 설이 있음.
현재의 모히토는 1930년대 쿠바 아바나의 '라 보데기타 델 메디오' 바에서 완성되었다는 것이 정설.
어니스트 헤밍웨이가 ""내 모히토는 라 보데기타에 있다""고 말할 정도로 사랑했던 칵테일.","http://onz-cocktail.kr/uploads/cocktails/onz_cocktail_Mojito.webp","http://onz-cocktail.kr/uploads/glasses/onz_glasstype_highball.webp","2026-01-12 17:55:00.481609","2026-01-12 17:55:00.481609","3","3","0","1","1","4","4","0","0","0","0","5","0","0","0","0","0","0","0","0","0","0","0","3","3","0","0","16","5","5","1","0","rum","long","verified",
"16","모스코 뮬","Moscow Mule","보통","12","14","스탠다드","보드카",,"구리 머그/하이볼","여름","보드카 45ml (1½ oz), 진저 비어 120ml (4 oz), 라임 주스 5ml (⅙ oz), 라임 웨지",,"생강, 상큼, 톡쏘는, 라임","캐주얼 바, 식전주","4","1. 구리 머그에 얼음을 채운다. / 2. 보드카 45ml와 라임 주스 15ml를 붓는다. / 3. 진저비어로 채운다. / 4. 라임 웨지로 가니시한다.","MANUAL","0","0","2","1941년 미국 할리우드에서 스미노프 보드카 사장과 진저 비어 제조업자가 재고 처리를 위해 의기투합하여 만듦.
'모스크바의 노새'라는 이름은 보드카의 러시아 이미지와 진저 비어의 톡 쏘는 맛(노새의 뒷발질)을 결합한 것.
시원함을 유지해주는 구리 머그잔에 담아 마시는 것이 특징이며, 미국 보드카 시장을 개척한 일등공신.","http://onz-cocktail.kr/uploads/cocktails/onz_cocktail_Moscow_Mule.webp","http://onz-cocktail.kr/uploads/glasses/onz_glasstype_copper_mug.webp","2026-01-12 17:55:00.482842","2026-01-12 17:55:00.482842","3","2","0","1","1","4","3","0","0","0","0","0","0","4","0","0","0","0","0","0","0","0","0","3","3","0","0","13","5","5","2","0","vodka","long","verified",
"17","파라다이스","Paradise","강함","24","26","스트롱","진",,"칵테일 글라스","봄","진 30ml (1 oz), 아프리콧 브랜디 20ml (⅔ oz), 오렌지 주스 15ml (½ oz)",,"살구, 시트러스, 은은한 단맛, 화사함","칵테일 타임, 가벼운 파티, 식후","4","1. 셰이커에 얼음을 가득 채운다. / 2. 진 30ml (1 oz), 아프리콧 브랜디 20ml (⅔ oz), 오렌지 주스 15ml (½ oz)를 넣는다. / 3. 15초간 강하게 흔든다. / 4. 미리 차갑게 식힌 칵테일 글라스에 걸러 따른다.","AUTO","2","1","5","1920년대 런던에서 만들어졌으며, 해리 크래독의 '사보이 칵테일 북'에 수록되어 유명해짐.
이름처럼 천국의 맛을 연상시키는 부드럽고 달콤한 맛으로 여성들에게 특히 인기가 많았음.
진을 베이스로 살구와 오렌지의 조화가 돋보이는 클래식 칵테일.","http://onz-cocktail.kr/uploads/cocktails/onz_cocktail_Paradise.webp","http://onz-cocktail.kr/uploads/glasses/onz_glasstype_coupe.webp","2026-01-12 17:55:00.484034","2026-01-12 17:55:00.484034","3","2","0","3","2","0","3","0","0","3","0","0","0","0","0","0","0","0","0","0","2","0","1","0","0","0","0","25","4","2","3","0","gin|liqueur","up","verified",
"18","피나 콜라다","Piña Colada","보통","12","15","라이트","럼",,"허리케인/하이볼","여름","화이트 럼 50ml (1⅔ oz), 파인애플 주스 50ml (1⅔ oz), 코코넛 크림 30ml (1 oz)",,"코코넛, 파인애플, 달콤, 크리미","휴양지, 풀사이드","4","1. 셰이커에 화이트 럼 50ml (1⅔ oz), 파인애플 주스 50ml (1⅔ oz), 코코넛 크림 30ml (1 oz)를 넣는다. / 2. 얼음 없이 먼저 15초간 흔든다. / 3. 얼음을 채우고 15초간 강하게 흔든다. / 4. 허리케인/하이볼 잔에 얼음을 채운다. 그 위에 걸러 따른다.","AUTO","0","0","0","1954년 푸에르토리코의 한 호텔 바에서 라몬 '몬치토' 마레로가 처음 만들었다는 설이 정설.
'파인애플 언덕'이라는 뜻의 이름처럼 파인애플과 코코넛의 조화가 특징인 트로피컬 칵테일의 대명사.
1978년 푸에르토리코의 공식 칵테일로 지정되었으며, 노래 'Escape'의 가사에 등장하며 세계적으로 유명해짐.","http://onz-cocktail.kr/uploads/cocktails/onz_cocktail_Pina_Colada.webp","http://onz-cocktail.kr/uploads/glasses/onz_glasstype_hurricane.webp","2026-01-12 17:55:00.485368","2026-01-12 17:55:00.485368","5","1","0","1","5","0","0","5","0","0","0","0","0","0","0","4","0","0","0","0","0","0","2","2","3","0","0","13","5","5","1","0","rum","frozen","verified","dairy"
"19","플랜터스 펀치","Planter’s Punch","보통","15","18","스탠다드","럼",,"하이볼","여름","자메이카 럼 45ml (1½ oz), 라임 주스 15ml (½ oz), 사탕수수 주스 30ml (1 oz), 오렌지 제스트",,"열대, 새콤달콤, 향신, 풍부한 과일","티키 스타일, 여름 파티","5","1. 셰이커에 얼음을 가득 채운다. / 2. 자메이카 럼 45ml (1½ oz), 라임 주스 15ml (½ oz), 사탕수수 주스 30ml (1 oz)를 넣는다. / 3. 15초간 강하게 흔든다. / 4. 하이볼 잔에 얼음을 잔 끝까지 넣는다. 그 위에 걸러 따른다. / 5. 오렌지 제스트로 장식한다.","AUTO","0","0","0","19세기 자메이카의 사탕수수 농장(Plantation)에서 농장주들이 즐겨 마시던 것에서 유래.
정해진 레시피 없이 '시다, 달다, 강하다, 약하다'는 원칙에 따라 자유롭게 만드는 것이 특징.
다양한 주스와 럼, 비터스가 어우러져 복합적이면서도 상쾌한 열대의 맛을 선사함.","http://onz-cocktail.kr/uploads/cocktails/onz_cocktail_Planters_Punch.webp","http://onz-cocktail.kr/uploads/glasses/onz_glasstype_highball.webp","2026-01-12 17:55:00.486578","2026-01-12 17:55:00.486578","4","3","1","2","2","0","3","3","0","0","0","0","0","2","0","0","2","0","0","0","0","0","0","2","3","0","0","16","4","3","3","0","rum","long","verified",
"20","시 브리즈","Sea Breeze","약함","8","10","라이트","보드카",,"하이볼","여름","보드카 40ml (1⅓ oz), 크랜베리 주스 120ml (4 oz), 자몽 주스 30ml (1 oz), 오렌지 필, 체리",,"크랜베리, 자몽, 상큼, 가벼움","해변, 캐주얼","5","1. 셰이커에 얼음을 가득 채운다. / 2. 보드카 40ml (1⅓ oz), 크랜베리 주스 120ml (4 oz), 자몽 주스 30ml (1 oz)를 넣는다. / 3. 15초간 강하게 흔든다. / 4. 하이볼 잔에 얼음을 잔 끝까지 넣는다. 그 위에 걸러 따른다. / 5. 오렌지 필, 체리로 장식한다.","AUTO","0","0","0","1920년대 금주법 시대에 처음 등장했으나, 당시에는 진과 살구 브랜디를 사용했음.
현재의 보드카와 크랜베리, 자몽 주스를 사용하는 레시피는 1970년대에 정립되어 큰 인기를 끔.
'바닷바람'이라는 이름처럼 상쾌하고 청량한 맛으로 여름철 칵테일로 인기가 높음.","http://onz-cocktail.kr/uploads/cocktails/onz_cocktail_Sea_Breeze.webp","http://onz-cocktail.kr/uploads/glasses/onz_glasstype_highball.webp","2026-01-12 17:55:00.487971","2026-01-12 17:55:00.487971","2","4","1","1","2","0","4","0","4","0","0","0","0","0","0","0","0","0","0","0","0","0","0","2","3","0","0","9","5","4","1","0","vodka","long","verified",
"21","섹스 온 더 비치","Sex on the Beach","보통","10","15","라이트","보드카",,"하이볼","여름","보드카 40ml (1⅓ oz), 피치 슈냅스 20ml (⅔ oz), 오렌지 주스 40ml (1⅓ oz), 크랜베리 주스 40ml (1⅓ oz),  오렌지 슬라이스",,"복숭아, 오렌지, 크랜베리, 달콤상큼","파티, 달콤한, 여름, 여행지","5","1. 셰이커에 얼음을 가득 채운다. / 2. 보드카 40ml (1⅓ oz), 피치 슈냅스 20ml (⅔ oz), 오렌지 주스 40ml (1⅓ oz), 크랜베리 주스 40ml (1⅓ oz)를 넣는다. / 3. 15초간 강하게 흔든다. / 4. 하이볼 잔에 얼음을 잔 끝까지 넣는다. 그 위에 걸러 따른다. / 5. 오렌지 슬라이스로 장식한다.","AUTO","0","0","2","1987년 미국 플로리다 포트로더데일 칵테일 경연대회에서 바텐더 테드 피지오(Ted Pizio) 가 처음 선보임.
당시 해변 휴양지의 이미지를 반영해 “Sex on the Beach!” 라는 이름으로 마케팅 효과를 노렸으며, 본래 이름은 Dance on the Beach 였음.
독특한 이름과 풍습(남자가 주문하면 두 사람이 키스한다는 이야기) 덕분에 폭발적 인기를 얻어 오늘날까지 전해짐.","http://onz-cocktail.kr/uploads/cocktails/onz_cocktail_Sex_on_the_Beach.webp","http://onz-cocktail.kr/uploads/glasses/onz_glasstype_highball.webp","2026-01-12 17:55:00.489171","2026-01-12 17:55:00.489171","5","2","0","1","2","0","3","0","3","3","0","0","0","0","0","0","0","0","0","0","0","0","0","3","2","0","0","12","5","5","1","0","vodka|liqueur","long","verified",
"22","사이드카","Sidecar","강함","24","27","클래식","브랜디",,"칵테일 글라스","사계절","코냑 50ml (1⅔ oz), 트리플 섹 20ml (⅔ oz), 레몬 주스 20ml (⅔ oz), 설탕 림(옵션)",,"새콤달콤, 시트러스, 강한, 클래식, 오렌지","저녁 식전주, 클래식 바","4","1. 셰이커에 얼음을 가득 채운다. / 2. 코냑 50ml (1⅔ oz), 트리플 섹 20ml (⅔ oz), 레몬 주스 20ml (⅔ oz), 설탕 림(옵션)를 넣는다. / 3. 15초간 강하게 흔든다. / 4. 미리 차갑게 식힌 칵테일 글라스에 걸러 따른다.","AUTO","0","0","0","제1차 세계대전 직후 런던 혹은 파리에서 탄생했다는 설이 있으며, 정확한 기원은 불분명함.
오토바이 옆에 다는 '사이드카'를 타고 바에 온 한 장교를 위해 만들어졌다는 일화가 가장 유명.
브랜디, 오렌지 리큐르, 레몬 주스의 간단한 조합으로 완벽한 균형을 보여주는 사워 칵테일의 정수.","http://onz-cocktail.kr/uploads/cocktails/onz_cocktail_Sidecar.webp","http://onz-cocktail.kr/uploads/glasses/onz_glasstype_coupe.webp","2026-01-12 17:55:00.490579","2026-01-12 17:55:00.490579","3","4","0","3","2","0","4","0","0","0","0","0","0","0","0","0","3","0","0","0","2","0","0","0","0","2","0","25","4","4","3","0","brandy|liqueur","up","verified",
"23","데킬라 선라이즈","Tequila Sunrise","보통","10","12","스탠다드","테킬라",,"하이볼","여름","테킬라 45ml (1½ oz), 오렌지 주스 90ml (3 oz), 그레나딘 10ml (⅓ oz)",,"오렌지, 달콤, 상큼, 그레나딘 레이어","여름, 휴양지, 화려한, 파티, 해변","4","1. 셰이커에 얼음을 가득 채운다. / 2. 테킬라 45ml (1½ oz), 오렌지 주스 90ml (3 oz), 그레나딘 10ml (⅓ oz)를 넣는다. / 3. 15초간 강하게 흔든다. / 4. 하이볼 잔에 얼음을 잔 끝까지 넣는다. 그 위에 걸러 따른다.","AUTO","0","0","0","1930년대 아리조나에서 처음 만들어졌으나, 현재의 레시피는 1970년대 캘리포니아에서 완성.
그레나딘 시럽이 아래로 가라앉으면서 만들어내는 붉은색 그라데이션이 '떠오르는 태양' 같다고 하여 붙여진 이름.
롤링 스톤스가 투어 중 즐겨 마시면서 유명해졌고, 이글스의 노래 제목으로도 사용됨.","http://onz-cocktail.kr/uploads/cocktails/onz_cocktail_Tequila_Sunrise.webp","http://onz-cocktail.kr/uploads/glasses/onz_glasstype_highball.webp","2026-01-12 17:55:00.492125","2026-01-12 17:55:00.492125","4","1","0","1","2","0","4","0","2","0","0","0","0","0","0","0","0","0","0","0","0","0","0","3","2","0","1","11","5","5","1","0","tequila","long","verified",
"24","위스키 사워","Whiskey Sour","보통","16","18","클래식","위스키",,"올드패션드/쿠페","사계절","버번 위스키 45ml (1½ oz), 레몬 주스 25ml (⅚ oz), 설탕 시럽 20ml (⅔ oz), 계란흰자(옵션)",,"상큼, 달콤, 거품, 균형","클래식, 균형감, 대중적인, 식전","4","1. 셰이커에 버번 위스키 50ml, 레몬 주스 25ml, 심플 시럽 15ml, 계란 흰자 1개를 넣는다. / 2. 얼음 없이 먼저 드라이 셰이킹한다. / 3. 얼음을 넣고 다시 15초 셰이킹한다. / 4. 락 글라스에 스트레이닝하고 앙고스투라 비터스를 몇 방울 떨어뜨린다.","MANUAL","0","0","1","19세기 중반 선원들이 괴혈병 예방을 위해 술에 레몬이나 라임을 섞어 마시던 것에서 유래.
1862년 제리 토마스의 '바텐더 가이드'에 처음으로 공식적인 레시피가 기록됨.
스피릿, 시트러스, 설탕의 완벽한 균형을 보여주는 '사워' 칵테일의 가장 기본적인 형태.","http://onz-cocktail.kr/uploads/cocktails/onz_cocktail_Whiskey_Sour.webp","http://onz-cocktail.kr/uploads/glasses/onz_glasstype_rocks.webp","2026-01-12 17:55:00.493332","2026-01-12 17:55:00.493332","3","4","0","2","3","0","4","0","0","0","0","0","0","0","0","0","3","0","0","0","0","2","0","0","0","2","0","17","4","5","2","0","whiskey","rocks","verified","egg"
"25","화이트 레이디","White Lady","강함","22","25","스트롱","진",,"칵테일 글라스","봄","진 40ml (1⅓ oz), 트리플 섹 30ml (1 oz), 레몬 주스 20ml (⅔ oz)",,"상큼, 쌉싸름, 꽃향, 드라이","칵테일 타임, 우아한, 부드러운, 세련된, 식전","4","1. 셰이커에 얼음을 가득 채운다. / 2. 진 40ml (1⅓ oz), 트리플 섹 30ml (1 oz), 레몬 주스 20ml (⅔ oz)를 넣는다. / 3. 15초간 강하게 흔든다. / 4. 미리 차갑게 식힌 칵테일 글라스에 걸러 따른다.","AUTO","0","0","0","1919년 런던의 바텐더 해리 맥켈혼이 처음 만들었으나, 현재 레시피는 1929년 사보이 호텔 시절에 완성.
금주법 시대의 유명인사 F. 스콧 피츠제럴드의 아내 젤다 피츠제럴드를 기리기 위해 만들었다는 설이 있음.
진 사워에 오렌지 리큐르를 더한 형태로, 계란 흰자를 넣어 부드러운 질감을 살리는 것이 특징.","http://onz-cocktail.kr/uploads/cocktails/onz_cocktail_White_Lady.webp","http://onz-cocktail.kr/uploads/glasses/onz_glasstype_coupe.webp","2026-01-12 17:55:00.49474","2026-01-12 17:55:00.49474","3","4","0","3","2","0","5","0","0","0","2","0","0","0","0","0","0","0","0","0","2","0","0","0","0","0","0","23","4","3","3","0","gin|liqueur","up","verified",
"26","홀시스 넥","Horse’s Neck","보통","12","14","스페셜","코냑",,"하이볼","가을","코냑 40ml (1⅓ oz), 진저 에일 120ml (4 oz), 레몬 껍질",,"생강, 레몬, 청량감, 스파이시","상쾌한, 클래식, 가벼운, 오후","4","1. 하이볼 잔에 얼음을 잔 끝까지 넣는다. / 2. 코냑 40ml (1⅓ oz)를 붓는다. / 3. 진저 에일 120ml (4 oz)를 잔 벽을 따라 천천히 채운다. / 4. 레몬 껍질로 장식한다.","AUTO","0","0","0","1890년대 미국에서 처음 등장한 논알콜 음료였으나, 20세기 초에 브랜디나 위스키를 추가하면서 칵테일로 발전.
'말의 목'이라는 이름은 길게 깎아 넣은 레몬 껍질이 말의 목처럼 보인다고 해서 붙여짐.
원래는 앙고스투라 비터스를 추가하는 것이 정석이었으나, 현재는 생략되는 경우가 많음.","http://onz-cocktail.kr/uploads/cocktails/onz_cocktail_Horses_Neck.webp","http://onz-cocktail.kr/uploads/glasses/onz_glasstype_highball.webp","2026-01-12 17:55:00.496015","2026-01-12 17:55:00.496015","3","1","0","1","2","3","2","0","0","0","0","0","0","4","0","0","2","0","0","0","0","2","0","0","2","0","0","13","4","3","3","0","brandy","long","verified",
"27","다크 앤 스토미","Dark ’n’ Stormy","보통","16","18","스페셜","럼",,"하이볼","여름","고슬링 럼 60ml (2 oz), 진저 비어 100ml (3⅓ oz)",,"생강, 스파이시, 라임, 청량감","강렬한, 모험적인, 상쾌한, 이국적인","3","1. 하이볼 잔에 얼음을 잔 끝까지 넣는다. / 2. 고슬링 럼 60ml (2 oz)를 붓는다. / 3. 진저 비어 100ml (3⅓ oz)를 잔 벽을 따라 천천히 채운다.","AUTO","0","0","0","1차 세계대전 이후 버뮤다에서 영국 해군들이 마시던 것에서 유래.
버뮤다의 진저 비어 공장과 고슬링스 럼 증류소가 결합하여 탄생한 칵테일.
'어둡고 폭풍우 치는'이라는 이름은 칵테일의 색깔이 폭풍우 구름 같다고 해서 붙여짐.","http://onz-cocktail.kr/uploads/cocktails/onz_cocktail_Dark_n_Stormy.webp","http://onz-cocktail.kr/uploads/glasses/onz_glasstype_highball.webp","2026-01-12 17:55:00.497277","2026-01-12 17:55:00.497277","3","1","0","2","2","4","1","0","0","0","0","0","0","5","0","0","3","0","0","0","0","0","0","0","2","2","0","17","4","4","3","0","rum","long","verified",
"28","팔로마","Paloma","보통","10","12","스탠다드","테킬라",,"하이볼","여름","테킬라 50ml (1⅔ oz), 자몽 소다 120ml (4 oz), 라임 주스 5ml (⅙ oz), 솔트 림(옵션), 라임 슬라이스",,"자몽, 상큼, 탄산, 소금 림","데이라링, 여름 파티","4","1. 하이볼 잔에 얼음을 잔 끝까지 넣는다. / 2. 테킬라 50ml (1⅔ oz), 라임 주스 5ml (⅙ oz), 솔트 림(옵션)를 붓는다. / 3. 자몽 소다 120ml (4 oz)를 잔 벽을 따라 천천히 채운다. / 4. 라임 슬라이스로 장식한다.","AUTO","0","0","1","멕시코에서 가장 사랑받는 칵테일 중 하나로, 정확한 기원은 알려져 있지 않음.
'비둘기'라는 뜻의 이름은 19세기 멕시코의 민요 '라 팔로마'에서 유래했다는 설이 있음.
데킬라와 자몽 소다의 간단한 조합이지만, 쌉쌀하고 상쾌한 맛으로 마가리타보다 현지에서 더 대중적임.","http://onz-cocktail.kr/uploads/cocktails/onz_cocktail_Paloma.webp","http://onz-cocktail.kr/uploads/glasses/onz_glasstype_highball.webp","2026-01-12 17:55:00.49871","2026-01-12 17:55:00.49871","2","3","0","1","1","4","5","0","0","0","0","0","0","0","0","0","0","0","0","1","0","2","0","3","3","0","0","11","5","3","2","0","tequila","long","verified",
"29","셰리 코블러","Sherry Cobbler","보통","12","14","스탠다드","와인/셰리",,"하이볼/콥블러 글라스","여름","아몬틸라도 셰리 45ml (1½ oz), 팔로 코르타도 45ml (1½ oz), 설탕 1tsp, 오렌지/레몬/베리 장식",,"과일, 상큼, 은은한 단맛, 상쾌함","여름 오후, 티가든","4","1. 셰이커에 얼음을 가득 채운다. / 2. 아몬틸라도 셰리 45ml (1½ oz), 팔로 코르타도 45ml (1½ oz), 설탕 1tsp, 오렌지/레몬/베리 장식을 넣는다. / 3. 15초간 강하게 흔든다. / 4. 하이볼/콥블러 글라스에 얼음을 채운다. 그 위에 걸러 따른다.","AUTO","0","0","0","19세기 초반 미국에서 탄생한 매우 오래된 '코블러' 스타일의 칵테일.
잘게 부순 얼음(Cobblestone)을 사용하는 것과 빨대를 처음으로 대중화시킨 것으로 유명.
셰리 와인을 베이스로 하여 도수가 낮고, 신선한 과일과 함께 시원하게 즐기는 여름 음료.","http://onz-cocktail.kr/uploads/cocktails/onz_cocktail_Sherry_Cobbler.webp","http://onz-cocktail.kr/uploads/glasses/onz_glasstype_highball.webp","2026-01-12 17:55:00.499911","2026-01-12 17:55:00.499911","3","1","1","1","2","0","2","0","2","2","0","0","0","0","0","2","0","0","0","0","3","2","0","0","0","0","0","13","3","2","4","0","fortified","long","verified",
"30","아페롤 스프리츠","Aperol Spritz","약함","9","11","라이트","리큐르/와인",,"와인 글라스","여름","프로세코 90ml (3 oz), 아페롤 60ml (2 oz), 탄산수 30ml (1 oz), 오렌지 슬라이스",,"오렌지, 스파클링, 쌉싸름, 가벼움","해피아워, 야외 테라스","3","1. 와인 글라스에 얼음을 가득 채운다. / 2. 프로세코 90ml, 아페롤 60ml, 탄산수 30ml 순서로 붓는다. / 3. 오렌지 슬라이스로 가니시한다.","MANUAL","0","0","0","19세기 오스트리아 지배하에 있던 이탈리아 베네토 지역에서 탄생.
오스트리아 군인들이 이탈리아 와인이 너무 강하다고 느껴 물을 뿌려(spritzen) 마시던 것에서 유래.
아페롤, 캄파리 등 쌉쌀한 리큐르와 프로세코, 탄산수를 섞어 만드는 이탈리아 대표 식전주.","http://onz-cocktail.kr/uploads/cocktails/onz_cocktail_Aperol_Spritz.webp","http://onz-cocktail.kr/uploads/glasses/onz_glasstype_wine_glass.webp","2026-01-12 17:55:00.501157","2026-01-12 17:55:00.501157","2","1","3","1","1","4","4","0","0","0","2","0","0","0","0","0","0","0","0","0","3","0","0","0","2","0","2","10","4","5","2","0","liqueur|sparkling","long","verified",
"31","칸찬차라","Canchanchara","보통","12","14","스탠다드","럼",,"하이볼","여름","쿠바 아구아르디엔테 60ml (2 oz), 라임 주스 15ml (½ oz), 꿀 15ml (½ oz), 물 50ml (1⅔ oz), 라임 웨지",,"라임, 꿀, 상큼, 달콤, 토닉","전통, 여름밤, 독특한","5","1. 셰이커에 얼음을 가득 채운다. / 2. 쿠바 아구아르디엔테 60ml (2 oz), 라임 주스 15ml (½ oz), 꿀 15ml (½ oz), 물 50ml (1⅔ oz)를 넣는다. / 3. 15초간 강하게 흔든다. / 4. 하이볼 잔에 얼음을 잔 끝까지 넣는다. 그 위에 걸러 따른다. / 5. 라임 웨지로 장식한다.","AUTO","0","0","0","쿠바 독립 전쟁 당시 스페인군에 맞서 싸우던 맘비세스 전사들이 마시던 음료에서 유래.
피로와 추위를 이기기 위해 아구아르디엔테(럼의 일종)에 꿀과 라임을 타서 마셨다고 함.
원래는 따뜻하게 마셨으나 현재는 차갑게 마시며, 쿠바 트리니다드 지역의 전통 칵테일.","http://onz-cocktail.kr/uploads/cocktails/onz_cocktail_Canchanchara.webp","http://onz-cocktail.kr/uploads/glasses/onz_glasstype_highball.webp","2026-01-12 17:55:00.502456","2026-01-12 17:55:00.502456","3","4","0","2","2","0","4","0","0","0","0","0","0","0","0","0","0","0","0","0","0","0","0","0","2","1","0","13","4","1","3","0","other","rocks","verified",
"32","비스 니즈","Bee’s Knees","강함","21","26","스트롱","진",,"쿠페","가을","진 52.5ml (1¾ oz), 레몬 주스 22.5ml (¾ oz), 오렌지 주스 22.5ml (¾ oz), 꿀 시럽 10ml (⅓oz)",,"꿀, 상큼, 시트러스, 플로럴","클래식, 부드러운, 봄, 상큼한","4","1. 셰이커에 얼음을 가득 채운다. / 2. 진 52.5ml (1¾ oz), 레몬 주스 22.5ml (¾ oz), 오렌지 주스 22.5ml (¾ oz), 꿀 시럽 10ml (⅓oz)를 넣는다. / 3. 15초간 강하게 흔든다. / 4. 미리 차갑게 식힌 쿠페 잔에 걸러 따른다.","AUTO","0","0","0","금주법 시대에 밀주 진의 거친 맛을 가리기 위해 꿀과 레몬을 넣어 마시던 것에서 유래.
'최고의 것'이라는 뜻의 당시 유행어 'Bee's Knees'에서 이름이 붙여짐.
진 사워의 설탕 시럽을 꿀 시럽으로 대체한 형태로, 부드럽고 향긋한 단맛이 특징.","http://onz-cocktail.kr/uploads/cocktails/onz_cocktail_Bees_Knees.webp","http://onz-cocktail.kr/uploads/glasses/onz_glasstype_coupe.webp","2026-01-12 17:55:00.503695","2026-01-12 17:55:00.503695","3","3","0","3","2","0","4","0","0","0","0","0","2","0","0","0","0","0","0","0","2","0","0","0","0","0","1","23","4","3","3","0","gin","up","verified",
"33","알렉산더","Alexander","강함","20","22","스트롱","코냑",,"쿠페","겨울","코냑 30ml (1 oz), 크렘 드 카카오 30ml (1 oz), 크림 30ml (1 oz)",,"크리미, 코코아, 달콤, 묵직함","디저트, 겨울밤","4","1. 셰이커에 코냑 30ml (1 oz), 크렘 드 카카오 30ml (1 oz), 크림 30ml (1 oz)를 넣는다. / 2. 얼음 없이 먼저 15초간 흔든다. / 3. 얼음을 채우고 15초간 강하게 흔든다. / 4. 미리 차갑게 식힌 쿠페 잔에 걸러 따른다.","AUTO","0","0","0","1915년 런던에서 열린 영국 알렉산드라 공주의 결혼식을 기념하여 만들어졌다는 설이 가장 유력함.
원래는 진 베이스였으나, 현재는 브랜디를 베이스로 하는 '브랜디 알렉산더'가 표준으로 자리 잡음.
부드럽고 달콤한 맛으로 식후 디저트 칵테일의 대명사로 불리며, 여성들에게 특히 인기가 많음.","http://onz-cocktail.kr/uploads/cocktails/onz_cocktail_Alexander.webp","http://onz-cocktail.kr/uploads/glasses/onz_glasstype_coupe.webp","2026-01-12 17:55:00.505012","2026-01-12 17:55:00.505012","4","0","0","2","5","0","0","0","0","0","0","0","0","0","4","4","2","0","0","0","0","0","3","0","0","0","0","21","4","3","2","0","brandy|liqueur","up","verified","dairy"
"34","블러디 메리","Bloody Mary","보통","10","12","스페셜","보드카",,"하이볼","사계절","보드카 45ml (1½ oz), 토마토 주스 90ml (3 oz), 레몬 주스 15ml (½ oz), 우스터 소스 몇 방울, 타바스코 몇 방울",,"토마토, 향신료, 짭짤함, 허브","해장, 브런치, 독특한","4","1. 셰이커에 얼음을 가득 채운다. / 2. 보드카 45ml (1½ oz), 토마토 주스 90ml (3 oz), 레몬 주스 15ml (½ oz), 우스터 소스 몇 방울, 타바스코 몇 방울을 넣는다. / 3. 15초간 강하게 흔든다. / 4. 하이볼 잔에 얼음을 잔 끝까지 넣는다. 그 위에 걸러 따른다.","AUTO","0","0","0","1920년대 파리의 해리스 뉴욕 바에서 페르낭 프티오(Fernand Petiot)가 처음 만들었다는 설이 가장 유력함.
이름은 16세기 잉글랜드의 여왕 메리 1세의 별명 '피의 메리'에서 유래했다는 설이 지배적.
숙취 해소용 칵테일로 명성이 높으며, 장식(가니시)을 화려하게 올리는 것으로도 유명함.","http://onz-cocktail.kr/uploads/cocktails/onz_cocktail_Bloody_Mary.webp","http://onz-cocktail.kr/uploads/glasses/onz_glasstype_highball.webp","2026-01-12 17:55:00.506277","2026-01-12 17:55:00.506277","0","3","1","1","4","0","2","0","0","0","0","0","0","4","0","0","0","0","0","5","0","2","0","0","0","0","3","11","2","4","2","0","vodka","long","verified",
"35","카이피리냐","Caipirinha","강함","25","30","스트롱","리큐르/카샤샤",,"록스","여름","카샤사 60ml (2 oz), 라임 한 개, 백설탕 4 tsp",,"라임, 상큼, 단맛, 청량감","파티, 브라질, 열정적인, 여름","4","1. 글라스에 라임 반 개를 조각내 넣고 설탕 2티스푼을 더한다. / 2. 머들러로 라임즙과 설탕을 으깬다. / 3. 으깬 얼음을 채우고 카샤사 60ml를 붓는다. / 4. 바 스푼으로 잘 젓는다.","MANUAL","0","0","0","브라질의 국민 칵테일로, '시골뜨기'라는 뜻을 가지고 있으며 농부들의 음료에서 유래.
1918년 스페인 독감 치료를 위한 민간요법으로 마늘, 꿀, 라임을 섞어 마시던 것에서 발전했다는 설이 있음.
브라질의 증류주 '카샤사'를 베이스로 하며, 라임을 으깨 즙을 내어 만드는 것이 특징.","http://onz-cocktail.kr/uploads/cocktails/onz_cocktail_Caipirinha.webp","http://onz-cocktail.kr/uploads/glasses/onz_glasstype_rocks.webp","2026-01-12 17:55:00.507847","2026-01-12 17:55:00.507847","3","4","0","3","2","0","5","0","0","0","0","0","0","0","0","0","0","0","0","0","0","0","0","2","3","0","0","27","3","4","3","0","cachaca","rocks","verified",
"36","카지노","Casino","강함","30","33","스트롱","진",,"쿠페","봄","올드 톰 진 40ml (1⅓ oz), 마라스키노 리큐르 10ml (⅓ oz), 오렌지 비터스 2 dashes, 레몬 주스 10ml (⅓ oz)",,"드라이, 허브, 시트러스, 체리","칵테일 타임, 가벼운 저녁","4","1. 셰이커에 얼음을 가득 채운다. / 2. 올드 톰 진 40ml (1⅓ oz), 마라스키노 리큐르 10ml (⅓ oz), 오렌지 비터스 2 dashes, 레몬 주스 10ml (⅓ oz)를 넣는다. / 3. 15초간 강하게 흔든다. / 4. 미리 차갑게 식힌 쿠페 잔에 걸러 따른다.","AUTO","0","0","0","해리 크래독의 '사보이 칵테일 북'(1930)에 수록된 레시피로, 에비에이션 칵테일과 유사한 조합을 가짐.
크렘 드 바이올렛이 빠진 에비에이션으로 볼 수 있으며, 더 드라이하고 깔끔한 맛을 냄.
이름의 유래는 명확하지 않지만, 금주법 시대 이전의 클래식한 분위기를 담고 있음.","http://onz-cocktail.kr/uploads/cocktails/onz_cocktail_Casino.webp","http://onz-cocktail.kr/uploads/glasses/onz_glasstype_coupe.webp","2026-01-12 17:55:00.509231","2026-01-12 17:55:00.509231","2","2","1","4","2","0","3","0","0","1","3","0","0","0","0","0","0","0","0","0","3","0","0","0","0","0","0","31","2","1","4","0","gin|liqueur","up","verified",
"37","코스모폴리탄","Cosmopolitan","강함","22","25","스트롱","보드카",,"칵테일 글라스","가을","보드카 시트론 40ml (1⅓ oz), 코앵트로 15ml (½ oz), 라임 주스 15ml (½ oz), 크랜베리 주스 30ml (1 oz), 레몬 필 트위스트",,"크랜베리, 상큼, 달콤, 트렌디","도시적인, 세련된, 파티, 트렌디","4","1. 셰이커에 얼음, 시트론 보드카 40ml, 쿠앵트로 15ml, 크랜베리 주스 30ml, 라임 주스 10ml를 넣는다. / 2. 15초간 셰이킹한다. / 3. 차갑게 식힌 마티니 글라스에 스트레이닝한다. / 4. 오렌지 필로 향을 낸다.","MANUAL","0","0","0","1980년대 후반 셰릴 쿡 또는 토비 체키니에 의해 만들어졌다는 등 기원에 대한 여러 설이 존재함.
드라마 '섹스 앤 더 시티'의 주인공들이 즐겨 마시면서 1990년대 전 세계적인 인기를 얻게 됨.
분홍빛 색상과 세련된 이미지 덕분에 현대적인 클래식 칵테일의 대명사가 됨.","http://onz-cocktail.kr/uploads/cocktails/onz_cocktail_Cosmopolitan.webp","http://onz-cocktail.kr/uploads/glasses/onz_glasstype_coupe.webp","2026-01-12 17:55:00.510457","2026-01-12 17:55:00.510457","4","3","0","2","2","0","4","0","3","0","0","0","0","0","0","0","0","0","0","0","0","0","0","3","0","0","0","23","5","5","2","0","vodka|liqueur","up","verified",
"38","프렌치 75","French 75","보통","12","15","클래식","진",,"플루트","겨울","진 30ml (1 oz), 레몬 주스 15ml (½ oz), 설탕 시럽 15ml (½ oz), 샴페인 60ml (2 oz)",,"스파클링, 상큼, 시트러스, 가벼움","축하 자리, 브런치","4","1. 셰이커에 진 30ml, 레몬 주스 15ml, 심플 시럽 10ml와 얼음을 넣는다. / 2. 15초 셰이킹한다. / 3. 샴페인 플루트에 스트레이닝한다. / 4. 차가운 샴페인으로 채우고 레몬 트위스트를 올린다.","MANUAL","0","0","0","제1차 세계대전 중인 1915년 파리의 해리스 뉴욕 바에서 만들어짐.
이름은 프랑스군이 사용하던 75mm 야포에서 유래했으며, 포탄처럼 강렬하다는 의미를 담고 있음.
진의 향과 샴페인의 청량감이 어우러져 우아하면서도 짜릿한 맛을 선사함.","http://onz-cocktail.kr/uploads/cocktails/onz_cocktail_French_75.webp","http://onz-cocktail.kr/uploads/glasses/onz_glasstype_flute.webp","2026-01-12 17:55:00.511886","2026-01-12 17:55:00.511886","3","3","0","2","2","4","4","0","0","0","1","0","0","0","0","0","0","0","0","0","3","0","0","3","0","0","2","13","4","4","3","0","gin|sparkling","up","verified",
"39","프렌치 커넥션","French Connection","강함","25","28","스트롱","브랜디",,"록스","겨울","코냑 35ml (1⅙ oz), 아마레또 35ml (1⅙ oz)",,"묵직함, 아몬드, 드라이, 너티","디너 후, 조용한 밤","3","1. 믹싱 글라스에 얼음을 채우고 코냑 35ml (1⅙ oz), 아마레또 35ml (1⅙ oz)를 넣는다. / 2. 20~30초간 충분히 젓는다. / 3. 록스 잔에 크고 단단한 얼음 한 덩이를 넣는다. 그 위에 걸러 따른다.","AUTO","0","0","0","1971년에 개봉한 동명의 영화 '프렌치 커넥션'의 인기에 힘입어 널리 알려지게 된 칵테일.
프랑스를 대표하는 코냑과 이탈리아를 대표하는 아마레토의 만남을 의미.
두 가지 재료만으로 간단하게 만들 수 있으며, 달콤하고 부드러운 맛으로 식후주로 인기가 많음.","http://onz-cocktail.kr/uploads/cocktails/onz_cocktail_French_Connection.webp","http://onz-cocktail.kr/uploads/glasses/onz_glasstype_rocks.webp","2026-01-12 17:55:00.513261","2026-01-12 17:55:00.513261","5","0","1","4","4","0","0","0","0","0","0","0","0","0","0","4","4","0","0","0","0","0","3","0","0","3","0","26","3","2","2","0","brandy|liqueur","rocks","verified","nut"
"40","프렌치 마티니","French Martini","보통","16","18","스탠다드","보드카",,"칵테일 글라스","사계절","보드카 45ml (1½ oz), 라즈베리 리큐르 15ml (½ oz), 파인애플 주스 15ml (½ oz)",,"파인애플, 라즈베리, 상큼, 달콤","칵테일 타임, 여성 인기","4","1. 셰이커에 얼음을 가득 채운다. / 2. 보드카 45ml (1½ oz), 라즈베리 리큐르 15ml (½ oz), 파인애플 주스 15ml (½ oz)를 넣는다. / 3. 15초간 강하게 흔든다. / 4. 미리 차갑게 식힌 칵테일 글라스에 걸러 따른다.","AUTO","0","1","1","1980년대 뉴욕의 바에서 처음 만들어졌으며, 이름과 달리 프랑스와 직접적인 연관은 없음.
프랑스산 라즈베리 리큐르 '샹보르'를 사용하는 것에서 '프렌치'라는 이름이 붙음.
마티니라는 이름이 붙었지만 맛은 전혀 다르며, 달콤하고 부드러워 1990년대에 큰 인기를 끌었음.","http://onz-cocktail.kr/uploads/cocktails/onz_cocktail_French_Martini.webp","http://onz-cocktail.kr/uploads/glasses/onz_glasstype_coupe.webp","2026-01-12 17:55:00.514664","2026-01-12 17:55:00.514664","4","2","0","2","3","0","0","3","4","0","0","0","0","0","0","0","0","0","0","0","0","0","1","3","0","0","0","17","5","4","1","0","vodka|liqueur","up","verified",
"41","그래스 호퍼","Grasshopper","보통","16","20","스탠다드","리큐르",,"쿠페","봄","크렘 드 멘트(그린) 20ml (⅔ oz), 크렘 드 카카오(화이트)20ml (⅔ oz), 크림 20ml (⅔ oz)",,"민트, 크리미, 달콤, 가벼움","디저트, 여성 인기","4","1. 셰이커에 크렘 드 멘트(그린) 20ml (⅔ oz), 크렘 드 카카오(화이트)20ml (⅔ oz), 크림 20ml (⅔ oz)를 넣는다. / 2. 얼음 없이 먼저 15초간 흔든다. / 3. 얼음을 채우고 15초간 강하게 흔든다. / 4. 미리 차갑게 식힌 쿠페 잔에 걸러 따른다.","AUTO","0","0","0","1918년 뉴올리언스의 바 ' Tujague's'에서 필리베르 귀셰(Philibert Guichet)가 칵테일 대회 출품작으로 창작.
'메뚜기'라는 이름은 크렘 드 민트가 만들어내는 선명한 녹색 때문에 붙여짐.
민트초코 아이스크림을 연상시키는 맛으로, 식후 디저트 칵테일로 꾸준한 사랑을 받고 있음.","http://onz-cocktail.kr/uploads/cocktails/onz_cocktail_Grasshopper.webp","http://onz-cocktail.kr/uploads/glasses/onz_glasstype_coupe.webp","2026-01-12 17:55:00.515879","2026-01-12 17:55:00.515879","5","0","0","1","5","0","0","0","0","0","0","4","0","0","3","4","0","0","0","0","0","0","3","0","0","0","0","18","4","2","3","0","liqueur","up","verified","dairy"
"42","헤밍웨이 스페셜","Hemingway Special","보통","16","18","스페셜","럼",,"쿠페","여름","화이트 럼 60ml (2 oz), 라임 주스 15ml (½ oz), 자몽 주스 40ml (1⅓ oz), 마라스키노 리큐르 15ml (½ oz)",,"라임, 자몽, 상큼, 드라이","트로피컬, 해변","4","1. 셰이커에 얼음을 가득 채운다. / 2. 화이트 럼 60ml (2 oz), 라임 주스 15ml (½ oz), 자몽 주스 40ml (1⅓ oz), 마라스키노 리큐르 15ml (½ oz)를 넣는다. / 3. 15초간 강하게 흔든다. / 4. 미리 차갑게 식힌 쿠페 잔에 걸러 따른다.","AUTO","0","0","0","어니스트 헤밍웨이가 쿠바의 '엘 플로리디타' 바에서 즐겨 마시던 다이키리를 변형한 칵테일.
당뇨병이 있던 헤밍웨이는 설탕을 빼고, 대신 자몽 주스와 마라스키노 리큐르를 두 배로 넣어달라고 주문함.
이로 인해 '파파 도블레(Papa Doble)'라는 별명으로도 불리며, 일반 다이키리보다 더 드라이하고 쌉쌀한 맛이 특징.","http://onz-cocktail.kr/uploads/cocktails/onz_cocktail_Hemingway_Special.webp","http://onz-cocktail.kr/uploads/glasses/onz_glasstype_coupe.webp","2026-01-12 17:55:00.517065","2026-01-12 17:55:00.517065","2","4","0","3","1","0","5","0","1","0","0","0","0","0","0","0","0","0","0","0","2","0","0","0","2","0","0","17","3","3","4","0","rum|liqueur","up","verified",
"43","아이리시 커피","Irish Coffee","보통","12","15","스탠다드","위스키",,"아이리시 커피 글라스","겨울","아이리시 위스키 50ml (1⅔ oz), 뜨거운 블랙 커피 120ml (4 oz), 설탕 1 tsp, 차가운 생크림 50ml (1⅔ oz)",,"커피, 위스키, 따뜻함, 크리미","겨울밤, 디저트","4","1. 셰이커에 아이리시 위스키 50ml (1⅔ oz), 뜨거운 블랙 커피 120ml (4 oz), 설탕 1 tsp, 차가운 생크림 50ml (1⅔ oz)를 넣는다. / 2. 얼음 없이 먼저 15초간 흔든다. / 3. 얼음을 채우고 15초간 강하게 흔든다. / 4. 아이리시 커피 글라스에 얼음을 채운다. 그 위에 걸러 따른다.","AUTO","0","0","0","1943년 아일랜드 포인스 공항의 요리사 조 셰리던(Joe Sheridan)이 궂은 날씨에 지친 승객들을 위해 처음 만듦.
승객 중 한 명이 ""이거 브라질 커피인가요?""라고 묻자 ""아니, 아이리시 커피입니다""라고 답한 것에서 이름이 유래.
추운 몸을 녹여주는 따뜻하고 달콤한 칵테일로, 전 세계적으로 사랑받는 커피 칵테일의 원조.","http://onz-cocktail.kr/uploads/cocktails/onz_cocktail_Irish_Coffee.webp","http://onz-cocktail.kr/uploads/glasses/onz_glasstype_irish_coffee_glass.webp","2026-01-12 17:55:00.518223","2026-01-12 17:55:00.518223","3","0","2","2","4","0","0","0","0","0","0","0","0","0","5","3","2","0","0","0","0","0","3","0","0","3","0","13","4","4","1","0","whiskey","hot","verified","dairy|caffeine"
"44","에스프레소 마티니","Espresso Martini","강함","24","27","스트롱","보드카",,"마티니","사계절","보드카 50ml (1⅔ oz), 깔루아 30ml (1 oz), 에스프레소 1샷 30ml (1 oz), 설탕 시럽 10ml (⅓ oz)",,"커피, 쌉싸름, 달콤, 에너지","식후, 각성, 세련된, 파티","4","1. 셰이커에 얼음을 가득 채운다. / 2. 보드카 50ml (1⅔ oz), 깔루아 30ml (1 oz), 에스프레소 1샷 30ml (1 oz), 설탕 시럽 10ml (⅓ oz)를 넣는다. / 3. 15초간 강하게 흔든다. / 4. 미리 차갑게 식힌 마티니 잔에 걸러 따른다.","AUTO","0","0","0","1983년 런던의 바텐더 딕 브래드셀(Dick Bradsell)이 한 유명 모델의 요청으로 만들었다.
그 모델은 ""나를 깨웠다가 망가뜨려 줄 무언가(Something to wake me up, then f**k me up)""를 주문했다고 함.
커피와 술을 동시에 즐길 수 있어 전 세계적으로 큰 인기를 얻은 현대 클래식.","http://onz-cocktail.kr/uploads/cocktails/onz_cocktail_Espresso_Martini.webp","http://onz-cocktail.kr/uploads/glasses/onz_glasstype_martini.webp","2026-01-12 17:55:00.519557","2026-01-12 17:55:00.519557","3","2","3","3","4","0","0","0","0","0","0","0","0","0","5","0","0","0","0","0","0","0","3","2","0","0","0","19","4","5","2","0","vodka|liqueur","up","verified","caffeine"
"45","페르난디토","Fernandito","보통","12","14","스페셜","리큐르",,"하이볼","사계절","페르넷 브랑카 50ml (1⅔ oz), 콜라",,"허브, 쌉쌀한, 콜라, 약초","아르헨티나, 식전, 현지, 독특한","3","1. 하이볼 잔에 얼음을 잔 끝까지 넣는다. / 2. 페르넷 브랑카 50ml (1⅔ oz)를 붓는다. / 3. 콜라를 잔 벽을 따라 천천히 채운다.","AUTO","0","0","0","아르헨티나의 국민 칵테일로, 특히 코르도바 지역에서 절대적인 사랑을 받고 있음.
페르넷 브랑카라는 이탈리아산 허브 리큐르와 콜라를 섞어 만드는 매우 간단한 칵테일.
강렬한 허브와 약초 향 때문에 호불호가 갈리지만, 아르헨티나의 문화를 대표하는 맛.","http://onz-cocktail.kr/uploads/cocktails/onz_cocktail_Fernandito.webp","http://onz-cocktail.kr/uploads/glasses/onz_glasstype_highball.webp","2026-01-12 17:55:00.521546","2026-01-12 17:55:00.521546","3","0","4","1","2","0","0","0","0","0","4","0","0","2","0","0","0","0","2","0","0","0","0","2","0","0","0","13","1","1","4","0","liqueur","long","verified","caffeine"
"46","진 바질 스매시","Gin Basil Smash","보통","15","18","스페셜","진",,"록스","여름","진 60ml (2 oz), 레몬 주스 22.5ml (¾ oz), 설탕 시럽 22.5ml (¾ oz), 바질 잎 10장",,"바질, 허브, 상큼, 프레시","트렌디, 여름","3","1. 록스 잔에 바질 잎 10장을 넣고 가볍게 으깬다. / 2. 진 60ml (2 oz), 레몬 주스 22.5ml (¾ oz), 설탕 시럽 22.5ml (¾ oz)를 넣는다. / 3. 록스 잔에 크고 단단한 얼음 한 덩이를 넣는다.","AUTO","0","0","1","2008년 독일 함부르크의 바텐더 외르크 마이어(Jörg Meyer)가 창작한 현대 클래식.
신선한 바질을 으깨 넣어 만드는 '스매시' 스타일의 칵테일로, 강렬한 바질 향이 특징.
만들어진 지 얼마 안 되었지만, 상쾌하고 독특한 맛으로 전 세계 바에서 빠르게 퍼져나감.","http://onz-cocktail.kr/uploads/cocktails/onz_cocktail_Gin_Basil_Smash.webp","http://onz-cocktail.kr/uploads/glasses/onz_glasstype_rocks.webp","2026-01-12 17:55:00.522798","2026-01-12 17:55:00.522798","3","3","0","3","2","0","4","0","0","0","5","0","0","0","0","0","0","0","0","0","2","0","0","0","2","0","0","16","4","4","3","0","gin","rocks","verified",
"47","그랑 마가리타","Grand Margarita","강함","22","26","스트롱","테킬라",,"마가리타","여름","데킬라 45ml (1½ oz), 그랑 마니에르 30ml (1 oz), 라임 주스 15ml (½ oz), 소금 림",,"라임, 오렌지, 새콤달콤, 밸런스","고급, 세련된, 특별한 날","4","1. 셰이커에 얼음을 가득 채운다. / 2. 데킬라 45ml (1½ oz), 그랑 마니에르 30ml (1 oz), 라임 주스 15ml (½ oz), 소금 림을 넣는다. / 3. 15초간 강하게 흔든다. / 4. 미리 차갑게 식힌 마가리타 잔에 걸러 따른다.","AUTO","0","0","0","일반 마가리타의 트리플 섹 대신 고급 오렌지 리큐르인 '그랑 마니에르'를 사용한 버전.
코냑을 베이스로 하는 그랑 마니에르가 더해져 훨씬 더 깊고 풍부한 오렌지 풍미를 냄.
일반 마가리타보다 한 단계 격상된, 더욱 고급스럽고 세련된 맛을 즐길 수 있음.","http://onz-cocktail.kr/uploads/cocktails/onz_cocktail_Grand_Margarita.webp","http://onz-cocktail.kr/uploads/glasses/onz_glasstype_margarita.webp","2026-01-12 17:55:00.52423","2026-01-12 17:55:00.52423","4","3","0","3","3","0","5","0","0","0","0","0","0","0","0","0","2","0","0","0","0","0","0","2","0","0","0","24","4","3","3","0","tequila|liqueur","up","verified",
"48","올드 쿠반","Old Cuban","보통","16","18","스페셜","럼",,"쿠페","사계절","숙성 럼 45ml (1½ oz), 라임 주스 22.5ml (¾ oz), 설탕 시럽 30ml (1 oz), 민트 잎 6-8개, 앙고스투라 비터 2 dashes, 스파클링 와인",,"민트, 스파클링, 상큼, 허브","세련된, 축하, 고급, 파티","4","1. 쿠페 잔에 민트 잎 6-8개를 넣고 가볍게 으깬다. / 2. 숙성 럼 45ml (1½ oz), 라임 주스 22.5ml (¾ oz), 설탕 시럽 30ml (1 oz), 앙고스투라 비터 2 dashes를 넣는다. / 3. 쿠페 잔에 얼음을 채운다. / 4. 스파클링 와인로 채우고 한 번만 가볍게 젓는다.","AUTO","0","0","0","2000년대 초반 뉴욕의 전설적인 바텐더 오드리 손더스(Audrey Saunders)가 창작한 현대 클래식.
모히토를 고급스럽게 재해석한 칵테일로, 탄산수 대신 샴페인이나 스파클링 와인을 사용.
숙성 럼과 비터스가 더해져 모히토보다 더 깊고 복합적인 풍미를 지님.","http://onz-cocktail.kr/uploads/cocktails/onz_cocktail_Old_Cuban.webp","http://onz-cocktail.kr/uploads/glasses/onz_glasstype_coupe.webp","2026-01-12 17:55:00.525565","2026-01-12 17:55:00.525565","3","3","0","2","2","4","3","0","0","0","0","4","0","0","0","0","2","0","0","0","2","0","0","3","0","0","0","17","4","3","4","0","rum|sparkling","up","verified",
"49","폰스타 마티니","Porn Star Martini","보통","16","18","스탠다드","보드카",,"칵테일 글라스","사계절","바닐라 보드카 50ml (1⅔ oz), 패션후르츠 리큐르 20ml (⅔ oz), 패션후르츠 퓌레 50ml (1⅔ oz), 바닐라 설탕 2 tsp, 샴페인 50ml (1⅔ oz)",,"패션후르츠, 바닐라, 달콤, 트로피컬","파티, 달콤한, 현대적인, 화려한","3","1. 칵테일 글라스에 얼음을 채운다. / 2. 바닐라 보드카 50ml (1⅔ oz), 패션후르츠 리큐르 20ml (⅔ oz), 패션후르츠 퓌레 50ml (1⅔ oz), 바닐라 설탕 2 tsp를 붓는다. / 3. 샴페인 50ml (1⅔ oz)를 잔 벽을 따라 천천히 채운다.","AUTO","0","0","0","2002년 런던의 바텐더 더글라스 앙크라(Douglas Ankrah)가 만든 현대 칵테일의 아이콘.
도발적인 이름은 칵테일의 대담하고 매혹적인 맛을 표현하기 위한 것으로, 현재는 '패션프루트 마티니'로도 불림.
칵테일과 함께 스파클링 와인 샷을 따로 제공하여, 마시기 전에 입안을 정리하거나 칵테일에 섞어 마시도록 함.","http://onz-cocktail.kr/uploads/cocktails/onz_cocktail_Porn_Star_Martini.webp","http://onz-cocktail.kr/uploads/glasses/onz_glasstype_coupe.webp","2026-01-12 17:55:00.527119","2026-01-12 17:55:00.527119","4","3","0","2","2","1","0","5","0","0","0","0","0","0","0","2","0","0","0","0","0","0","2","3","0","0","0","17","5","5","1","0","vodka|liqueur|sparkling","up","verified",
"50","러시안 스프링 펀치","Russian Spring Punch","보통","15","17","스탠다드","보드카",,"하이볼","봄","보드카 25ml (⅚ oz), 크렘 드 카시스 15ml (½ oz), 레몬 주스 25ml (⅚ oz), 설탕 시럽 10ml (⅓ oz), 스파클링 와인 60ml (2 oz)",,"베리, 상큼, 스파클링, 달콤","파티, 밤","3","1. 하이볼 잔에 얼음을 잔 끝까지 넣는다. / 2. 보드카 25ml (⅚ oz), 크렘 드 카시스 15ml (½ oz), 레몬 주스 25ml (⅚ oz), 설탕 시럽 10ml (⅓ oz)를 붓는다. / 3. 스파클링 와인 60ml (2 oz)를 잔 벽을 따라 천천히 채운다.","AUTO","0","0","1","1980년대 런던의 딕 브래드셀(Dick Bradsell)이 친구의 파티를 위해 즉석에서 만든 칵테일.
보드카, 레몬, 카시스, 설탕을 쉐이킹한 후 스파클링 와인을 채워 만드는 간단하면서도 상쾌한 펀치 스타일.
'봄의 펀치'라는 이름처럼 화사하고 상큼한 맛으로 봄에 잘 어울리는 칵테일.","http://onz-cocktail.kr/uploads/cocktails/onz_cocktail_Russian_Spring_Punch.webp","http://onz-cocktail.kr/uploads/glasses/onz_glasstype_highball.webp","2026-01-12 17:55:00.52835","2026-01-12 17:55:00.52835","4","4","0","1","2","4","3","0","4","0","0","0","0","0","0","0","0","0","0","0","0","0","0","3","0","0","2","16","4","3","3","0","vodka|liqueur|sparkling","long","verified",
"51","사우스 사이드","South Side","보통","14","16","스페셜","진",,"쿠페","여름","진 60ml (2 oz), 라임 주스 30ml (1 oz), 설탕 시럽 15ml (½ oz), 민트 잎 5-6개",,"민트, 상큼, 허브, 밸런스, 드라이","여름밤, 칵테일 타임","3","1. 쿠페 잔에 민트 잎 5-6개를 넣고 가볍게 으깬다. / 2. 진 60ml (2 oz), 라임 주스 30ml (1 oz), 설탕 시럽 15ml (½ oz)를 넣는다. / 3. 쿠페 잔에 얼음을 채운다.","AUTO","0","0","0","금주법 시대 시카고의 악명 높은 갱스터 알 카포네의 구역이었던 '사우스 사이드'에서 유래.
당시 밀주 진의 거친 맛을 가리기 위해 민트와 라임, 설탕을 넣어 만들었다고 함.
진 버전의 모히토라고도 불리지만, 탄산수가 들어가지 않아 더 깔끔하고 드라이한 맛이 특징.","http://onz-cocktail.kr/uploads/cocktails/onz_cocktail_South_Side.webp","http://onz-cocktail.kr/uploads/glasses/onz_glasstype_coupe.webp","2026-01-12 17:55:00.52977","2026-01-12 17:55:00.52977","3","4","0","2","2","0","4","0","0","0","0","5","0","0","0","0","0","0","0","0","2","0","0","0","3","0","0","15","4","3","3","0","gin","up","verified",
"52","스파이시 피프티","Spicy Fifty","보통","22","25","스페셜","보드카",,"쿠페","여름","바닐라 보드카 50ml (1⅔ oz), 엘더플라워 코디얼 15ml (½ oz), 꿀 시럽 10ml (⅓ oz), 라임 주스 15ml (½ oz),<br>레드 칠리",,"꿀, 바닐라, 칠리, 스파이시","독특한, 현대적인, 세련된","4","1. 셰이커에 얼음을 가득 채운다. / 2. 바닐라 보드카 50ml (1⅔ oz), 엘더플라워 코디얼 15ml (½ oz), 꿀 시럽 10ml (⅓ oz), 라임 주스 15ml (½ oz), 레드 칠리를 넣는다. / 3. 15초간 강하게 흔든다. / 4. 미리 차갑게 식힌 쿠페 잔에 걸러 따른다.","AUTO","0","0","0","2005년 런던의 바텐더 살바토레 칼라브레제(Salvatore Calabrese)가 창작한 칵테일.
꿀과 엘더플라워의 달콤함과 칠리의 매콤함이 만나 독특한 '맵단'의 조화를 이룸.
'피프티'는 그가 운영하던 바의 이름으로, 현대 칵테일의 창의성을 보여주는 대표작.","http://onz-cocktail.kr/uploads/cocktails/onz_cocktail_Spicy_Fifty.webp","http://onz-cocktail.kr/uploads/glasses/onz_glasstype_coupe.webp","2026-01-12 17:55:00.531095","2026-01-12 17:55:00.531095","4","3","0","3","2","0","3","0","0","0","0","0","3","4","0","0","0","0","0","0","0","0","0","2","0","0","0","23","3","2","4","0","vodka|liqueur","up","verified",
"53","토미스 마가리타","Tommy’s Margarita","보통","18","20","스탠다드","테킬라",,"록스","여름","테킬라 60ml (2 oz), 라임 주스 30ml (1 oz), 아가베 시럽 30ml (1 oz)",,"라임, 아가베, 밸런스, 프레시","현대적인, 깔끔한, 멕시코, 여름","4","1. 셰이커에 얼음을 가득 채운다. / 2. 테킬라 60ml (2 oz), 라임 주스 30ml (1 oz), 아가베 시럽 30ml (1 oz)를 넣는다. / 3. 15초간 강하게 흔든다. / 4. 록스 잔에 크고 단단한 얼음 한 덩이를 넣는다. 그 위에 걸러 따른다.","AUTO","0","0","1","1990년 샌프란시스코의 멕시칸 레스토랑 '토미스'의 훌리오 베르메호(Julio Bermejo)가 창작.
전통적인 마가리타의 오렌지 리큐르(트리플 섹) 대신 아가베 시럽을 사용하여 테킬라 본연의 맛을 강조.
더 깔끔하고 순수한 맛으로 현대 클래식으로 인정받으며, 전 세계 바에서 큰 인기를 얻고 있음.","http://onz-cocktail.kr/uploads/cocktails/onz_cocktail_Tommys_Margarita.webp","http://onz-cocktail.kr/uploads/glasses/onz_glasstype_rocks.webp","2026-01-12 17:55:00.532521","2026-01-12 17:55:00.532521","3","4","0","3","2","0","5","0","0","0","0","0","0","0","0","0","0","0","0","0","0","0","0","2","2","0","0","19","4","3","3","0","tequila","rocks","verified",
"54","브램블","Bramble","보통","15","18","스탠다드","진",,"록스","봄","진 50ml (1⅔ oz), 레몬 주스 25ml (⅘ oz), 설탕 시럽 12.5ml (⅖ oz), 크렘 드 뮈르 15ml (½ oz)",,"블랙베리, 상큼, 달콤, 프루티","봄, 칵테일 타임","4","1. 셰이커에 얼음을 가득 채운다. / 2. 진 50ml (1⅔ oz), 레몬 주스 25ml (⅘ oz), 설탕 시럽 12.5ml (⅖ oz), 크렘 드 뮈르 15ml (½ oz)를 넣는다. / 3. 15초간 강하게 흔든다. / 4. 록스 잔에 크고 단단한 얼음 한 덩이를 넣는다. 그 위에 걸러 따른다.","AUTO","1","0","2","1980년대 런던의 바텐더 딕 브래드셀(Dick Bradsell)이 어린 시절 블랙베리를 따던 기억에서 영감을 얻어 창작.
'가시나무 덤불'이라는 뜻의 이름처럼 으깬 얼음 위에 블랙베리 리큐르를 뿌려 덤불 같은 모양을 냄.
현대 클래식 칵테일의 대표주자로, 진의 상쾌함과 블랙베리의 달콤함이 완벽한 조화를 이룸.","http://onz-cocktail.kr/uploads/cocktails/onz_cocktail_Bramble.webp","http://onz-cocktail.kr/uploads/glasses/onz_glasstype_rocks.webp","2026-01-12 17:55:00.533799","2026-01-12 17:55:00.533799","3","4","0","2","2","0","3","0","5","0","0","0","0","0","0","0","0","0","0","0","0","0","0","2","2","0","0","16","4","3","3","0","gin|liqueur","rocks","verified",
"55","스팅어","Stinger","강함","30","32","스트롱","진",,"쿠페","겨울","코냑 50ml (1⅔ oz),<br>화이트 크렘 드 민트 20ml (⅔ oz)",,"민트, 상쾌한, 달콤, 강한","식후, 클래식, 상쾌한, 깔끔한","3","1. 믹싱 글라스에 얼음을 채우고 코냑 50ml (1⅔ oz), 화이트 크렘 드 민트 20ml (⅔ oz)를 넣는다. / 2. 20~30초간 충분히 젓는다. / 3. 미리 차갑게 식힌 쿠페 잔에 걸러 따른다.","AUTO","0","0","0","19세기 후반 미국에서 탄생한 것으로 추정되며, 상류층 사이에서 식후주로 큰 인기를 끌었음.
'찌르는 것'이라는 이름처럼 민트의 시원하고 강렬한 향이 특징.
단 두 가지 재료만으로 만드는 심플한 칵테일이지만, 코냑의 깊은 풍미와 민트의 상쾌함이 절묘하게 어우러짐.","http://onz-cocktail.kr/uploads/cocktails/onz_cocktail_Stinger.webp","http://onz-cocktail.kr/uploads/glasses/onz_glasstype_coupe.webp","2026-01-12 17:55:00.53515","2026-01-12 17:55:00.53515","4","0","2","4","4","0","0","0","0","0","0","4","0","0","0","0","3","0","0","0","0","0","3","0","0","2","0","31","2","2","4","0","brandy|liqueur","up","verified",
"56","엔젤 페이스","Angel Face","강함","25","28","스트롱","진",,"쿠페","가을","진 30ml (1 oz), 애프리콧 브랜디 30ml (1 oz), 칼바도스 30ml (1 oz)",,"애플, 드라이, 허브, 플로럴","차분한, 세련된, 특별한 날","3","1. 믹싱 글라스에 얼음을 채우고 진 30ml (1 oz), 애프리콧 브랜디 30ml (1 oz), 칼바도스 30ml (1 oz)를 넣는다. / 2. 20~30초간 충분히 젓는다. / 3. 미리 차갑게 식힌 쿠페 잔에 걸러 따른다.","AUTO","0","0","0","1920년대 금주법 시대에 활동했던 전설적인 바텐더 해리 크래독(Harry Craddock)이 저술한 '사보이 칵테일 북'에 처음 등장.
천사의 얼굴처럼 부드럽고 달콤해 보이지만, 실제로는 도수가 매우 높은 반전 매력을 가진 칵테일.
진, 살구 브랜디, 칼바도스의 세 가지 재료가 동일한 비율로 사용되어 완벽한 균형감을 자랑함.","http://onz-cocktail.kr/uploads/cocktails/onz_cocktail_Angel_Face.webp","http://onz-cocktail.kr/uploads/glasses/onz_glasstype_coupe.webp","2026-01-12 17:55:00.5364","2026-01-12 17:55:00.5364","3","0","1","4","2","0","0","0","0","4","0","0","0","0","0","0","2","0","0","0","2","0","0","0","0","1","0","26","2","1","4","0","gin|liqueur|brandy","up","verified",
"57","네이키드 앤 페이머스","Naked and Famous","강함","28","30","스트롱","메즈칼",,"쿠페","가을","메즈칼 22.5ml (¾ oz), 아페롤 22.5ml (¾ oz), 옐로우 샤르트뢰즈 22.5ml (¾ oz), 라임 주스 22.5ml (¾ oz)",,"스모키, 쌉쌀달콤, 허브, 시트러스","독특한, 현대적인, 세련된","4","1. 셰이커에 얼음을 가득 채운다. / 2. 메즈칼 22.5ml (¾ oz), 아페롤 22.5ml (¾ oz), 옐로우 샤르트뢰즈 22.5ml (¾ oz), 라임 주스 22.5ml (¾ oz)를 넣는다. / 3. 15초간 강하게 흔든다. / 4. 미리 차갑게 식힌 쿠페 잔에 걸러 따른다.","AUTO","0","1","3","2011년 뉴욕의 바텐더 호아킨 시모(Joaquín Simó)가 만든 현대 클래식. 
라스트 워드의 변형으로, 진 대신 메스칼을, 그린 샤르트뢰즈 대신 옐로우 샤르트뢰즈를, 마라스키노 대신 아페롤을 사용. 
네 가지 재료의 동일 비율 조합으로, 스모키함과 허브, 쌉쌀달콤함이 완벽한 균형을 이룸.","http://onz-cocktail.kr/uploads/cocktails/onz_cocktail_Naked_and_Famous.webp","http://onz-cocktail.kr/uploads/glasses/onz_glasstype_coupe.webp","2026-01-12 17:55:00.53758","2026-01-12 17:55:00.53758","3","3","1","3","3","0","3","0","0","0","3","0","0","0","0","0","0","3","0","0","1","0","0","0","0","2","0","29","2","2","5","0","mezcal|liqueur","up","verified",
"58","뉴욕 사워","New York Sour","보통","15","18","스탠다드","위스키",,"록스","가을","라이 또는 버번 위스키 60ml (2 oz), 레몬 주스 30ml (1 oz), 설탕 시럽 22.5ml (¾ oz), 레드 와인 15ml (½ oz), 달걀 흰자 몇 방울, 오렌지 제스트, 체리",,"레드와인, 레몬, 새콤달콤, 시각적","클래식, 세련된, 가을, 아름다운","5","1. 셰이커에 라이 또는 버번 위스키 60ml (2 oz), 레몬 주스 30ml (1 oz), 설탕 시럽 22.5ml (¾ oz), 레드 와인 15ml (½ oz), 달걀 흰자 몇 방울을 넣는다. / 2. 얼음 없이 먼저 15초간 흔든다. / 3. 얼음을 채우고 15초간 강하게 흔든다. / 4. 록스 잔에 크고 단단한 얼음 한 덩이를 넣는다. 그 위에 걸러 따른다. / 5. 오렌지 제스트, 체리로 장식한다.","AUTO","0","0","0","1880년대 시카고에서 처음 만들어졌으나, 뉴욕에서 큰 인기를 끌면서 현재의 이름으로 굳어짐. 
기본적인 위스키 사워 위에 레드 와인을 살짝 띄워(플로팅) 만드는 것이 특징. 
시각적으로 아름다울 뿐만 아니라, 와인의 타닌과 과일 향이 더해져 더 복합적인 맛을 냄.","http://onz-cocktail.kr/uploads/cocktails/onz_cocktail_New_York_Sour.webp","http://onz-cocktail.kr/uploads/glasses/onz_glasstype_rocks.webp","2026-01-12 17:55:00.538921","2026-01-12 17:55:00.538921","3","4","0","2","3","0","3","0","2","0","0","0","0","0","0","0","3","0","0","0","0","2","0","0","0","2","0","16","4","3","3","0","whiskey|wine","rocks","verified",
"59","애비에이션","Aviation","강함","28","30","클래식","진",,"쿠페","봄","진 45ml (1½ oz), 마라스키노 리큐르 15ml (½ oz), 레몬 주스 15ml (½ oz), 크렘 드 바이올렛 1 tsp",,"꽃향기, 새콤달콤, 드라이, 시트러스","세련된, 클래식, 개성있는","4","1. 셰이커에 얼음을 가득 채운다. / 2. 진 45ml (1½ oz), 마라스키노 리큐르 15ml (½ oz), 레몬 주스 15ml (½ oz), 크렘 드 바이올렛 1 tsp를 넣는다. / 3. 15초간 강하게 흔든다. / 4. 미리 차갑게 식힌 쿠페 잔에 걸러 따른다.","AUTO","0","0","0","20세기 초반 뉴욕 월도프-아스토리아 호텔의 바텐더 휴고 엔슬린(Hugo Ensslin)이 1916년에 창작. '비행'이라는 이름처럼, 크렘 드 바이올렛 리큐르가 만들어내는 옅은 하늘색이 특징. 한때 크렘 드 바이올렛의 단종으로 잊혔다가, 리큐르가 재생산되면서 2000년대에 화려하게 부활한 클래식 칵테일.","http://onz-cocktail.kr/uploads/cocktails/onz_cocktail_Aviation.webp","http://onz-cocktail.kr/uploads/glasses/onz_glasstype_coupe.webp","2026-01-12 17:55:00.540324","2026-01-12 17:55:00.540324","2","4","0","4","2","0","3","0","1","0","0","0","4","0","0","0","0","0","0","0","3","0","0","0","0","0","0","29","2","3","4","0","gin|liqueur","up","verified",
"60","비트윈 더 시츠","Between the Sheets","강함","28","32","스트롱","브랜디",,"쿠페","사계절","코냑 30ml (1 oz), 화이트 럼 30ml (1 oz), 트리플 섹 30ml (1 oz), 레몬 주스 20ml (⅔ oz)",,"시트러스, 강한, 새콤달콤, 과일향","은밀한, 로맨틱, 강렬한","4","1. 셰이커에 얼음을 가득 채운다. / 2. 코냑 30ml (1 oz), 화이트 럼 30ml (1 oz), 트리플 섹 30ml (1 oz), 레몬 주스 20ml (⅔ oz)를 넣는다. / 3. 15초간 강하게 흔든다. / 4. 미리 차갑게 식힌 쿠페 잔에 걸러 따른다.","AUTO","0","0","0","1920년대 파리의 해리스 뉴욕 바(Harry's New York Bar)의 해리 맥켈혼(Harry MacElhone)이 만들었다는 설이 유력함. '침대 시트 사이에서'라는 도발적인 이름 때문에 밀회나 은밀한 만남을 위한 칵테일로 알려짐. 클래식 칵테일 '사이드카'의 변형으로, 럼을 추가하여 더 복합적이고 강렬한 맛을 낸 것이 특징.","http://onz-cocktail.kr/uploads/cocktails/onz_cocktail_Between_the_Sheets.webp","http://onz-cocktail.kr/uploads/glasses/onz_glasstype_coupe.webp","2026-01-12 17:55:00.54152","2026-01-12 17:55:00.54152","3","3","0","4","2","0","4","0","0","0","0","0","0","0","0","0","2","0","0","0","0","0","0","0","0","2","0","30","3","2","3","0","brandy|rum|liqueur","up","verified",
"61","불바디에","Boulevardier","강함","28","30","클래식","위스키",,"쿠페","가을","버번 또는 라이 위스키 45ml (1½ oz), 스위트 베르 30ml (1 oz), 캄파리 30ml (1 oz), 오렌지 필",,"쌉쌀달콤, 스파이시, 오렌지, 강한","깊은 대화, 클래식 바, 차분한","5","1. 셰이커에 얼음을 가득 채운다. / 2. 버번 또는 라이 위스키 45ml (1½ oz), 스위트 베르 30ml (1 oz), 캄파리 30ml (1 oz)를 넣는다. / 3. 15초간 강하게 흔든다. / 4. 미리 차갑게 식힌 쿠페 잔에 걸러 따른다. / 5. 오렌지 필로 장식한다.","AUTO","0","0","0","1920년대 파리에서 활동하던 미국인 작가 어스킨 그윈(Erskine Gwynne)이 창작한 칵테일. 그가 발행하던 잡지 '불바디에'의 이름을 따서 명명되었으며, 이는 '대로를 산책하는 멋쟁이'라는 뜻. 네그로니의 베이스를 진에서 위스키로 바꾼 변형으로, 더 묵직하고 따뜻한 풍미를 지님.","http://onz-cocktail.kr/uploads/cocktails/onz_cocktail_Boulevardier.webp","http://onz-cocktail.kr/uploads/glasses/onz_glasstype_coupe.webp","2026-01-12 17:55:00.543015","2026-01-12 17:55:00.543015","2","1","4","4","4","0","1","0","0","0","3","0","0","0","0","0","4","0","0","0","2","0","0","0","0","3","0","29","1","3","4","0","whiskey|liqueur|fortified","rocks","verified",
"62","브랜디 크러스타","Brandy Crusta","강함","26","29","스트롱","브랜디",,"쿠페","사계절","브랜디 52.5ml (1¾ oz), 마라스키노 리큐르 7.5ml (¼ oz), 큐라소 1 tsp, 레몬 주스 15ml (½ oz), 설탕 시럽 1 tsp, 아로마 비터스 2 dashes",,"시트러스, 상큼함, 설탕, 강한","클래식, 특별한 날, 화려한","4","1. 셰이커에 얼음을 가득 채운다. / 2. 브랜디 52.5ml (1¾ oz), 마라스키노 리큐르 7.5ml (¼ oz), 큐라소 1 tsp, 레몬 주스 15ml (½ oz), 설탕 시럽 1 tsp, 아로마 비터스 2 dashes를 넣는다. / 3. 15초간 강하게 흔든다. / 4. 미리 차갑게 식힌 쿠페 잔에 걸러 따른다.","AUTO","0","0","0","1850년대 미국 뉴올리언스의 바텐더 조셉 산티니(Joseph Santini)가 만든 매우 오래된 칵테일. 잔 테두리에 설탕을 묻히는 '리밍(Rimming)' 기법을 대중화시킨 최초의 칵테일 중 하나로 여겨짐. 이름의 '크러스타'는 빵 껍질처럼 잔 테두리를 장식한 설탕을 의미하며, 마티니의 전신으로도 평가받음.","http://onz-cocktail.kr/uploads/cocktails/onz_cocktail_Brandy_Crusta.webp","http://onz-cocktail.kr/uploads/glasses/onz_glasstype_coupe.webp","2026-01-12 17:55:00.544362","2026-01-12 17:55:00.544362","3","3","0","4","3","0","4","0","0","0","0","0","0","0","0","0","3","0","0","0","2","0","0","0","0","2","0","27","2","1","4","0","brandy|liqueur","up","verified",
"63","클로버 클럽","Clover Club","보통","16","18","스탠다드","진",,"쿠페","봄","진 45ml (1½ oz), 라즈베리 시럽 15ml (½ oz), 레몬 주스 15ml (½ oz), 계란 흰자 몇 방울",,"새콤달콤, 라즈베리, 부드러운, 크리미","사교 모임, 세련된, 부드러운","4","1. 셰이커에 진 45ml (1½ oz), 라즈베리 시럽 15ml (½ oz), 레몬 주스 15ml (½ oz), 계란 흰자 몇 방울을 넣는다. / 2. 얼음 없이 먼저 15초간 흔든다. / 3. 얼음을 채우고 15초간 강하게 흔든다. / 4. 미리 차갑게 식힌 쿠페 잔에 걸러 따른다.","AUTO","0","0","0","19세기 말 필라델피아의 동명 신사 클럽 '클로버 클럽'에서 탄생한 칵테일. 금주법 시대 이전부터 존재했던 유서 깊은 칵테일로, 한때 잊혔다가 칵테일 르네상스 시대에 부활. 계란 흰자가 들어가 부드러운 거품과 질감을 만들어내는 것이 특징이며, 분홍색이 아름다움.","http://onz-cocktail.kr/uploads/cocktails/onz_cocktail_Clover_Club.webp","http://onz-cocktail.kr/uploads/glasses/onz_glasstype_coupe.webp","2026-01-12 17:55:00.545686","2026-01-12 17:55:00.545686","3","4","0","1","3","0","3","0","4","0","0","0","0","0","0","0","0","0","0","0","2","0","0","2","0","0","0","17","4","2","3","0","gin","up","verified","egg"
"64","드라이 마티니","Dry Martini","강함","29","32","스트롱","진",,"마티니","사계절","진 60ml (2 oz), 드라이 베르무트ml (⅓ oz)",,"드라이, 깔끔한, 강한, 클래식","세련된, 도시적인, 식전, 지적인","3","1. 믹싱 글라스에 얼음을 채우고 진 60ml (2 oz), 드라이 베르무트ml (⅓ oz)를 넣는다. / 2. 20~30초간 충분히 젓는다. / 3. 미리 차갑게 식힌 마티니 잔에 걸러 따른다.","AUTO","0","0","0","19세기 후반 미국에서 탄생했으나 정확한 기원은 불분명하며 여러 설이 존재함. 초기에는 스위트 베르무트를 사용했으나, 점차 드라이 베르무트의 비율이 높아지면서 현재의 형태로 발전. '칵테일의 왕'이라 불리며, 제임스 본드의 ""젓지 말고 흔들어서(Shaken, not stirred)""라는 대사로 세계적인 아이콘이 됨.","http://onz-cocktail.kr/uploads/cocktails/onz_cocktail_Dry_Martini.webp","http://onz-cocktail.kr/uploads/glasses/onz_glasstype_martini.webp","2026-01-12 17:55:00.547154","2026-01-12 17:55:00.547154","0","0","3","5","2","0","0","0","0","0","4","0","0","0","0","0","0","0","0","0","3","0","0","0","0","0","0","30","1","5","5","0","gin|fortified","up","verified",
"65","행키팽키","Hanky Panky","강함","28","30","스트롱","진",,"쿠페","가을","런던 드라이 진 45ml (1½ oz), 스위트 베르무트 45ml (1½ oz), 페르넷 브랑카 7.5ml (¼ oz)",,"허브향, 쌉쌀달콤, 복합적인, 강한","클래식, 독특한, 깊은 맛","3","1. 믹싱 글라스에 얼음을 채우고 런던 드라이 진 45ml (1½ oz), 스위트 베르무트 45ml (1½ oz), 페르넷 브랑카 7.5ml (¼ oz)를 넣는다. / 2. 20~30초간 충분히 젓는다. / 3. 미리 차갑게 식힌 쿠페 잔에 걸러 따른다.","AUTO","0","0","0","1920년대 런던 사보이 호텔의 아메리칸 바 수석 바텐더였던 에이다 콜먼(Ada Coleman)이 창작. 유명 배우 찰스 호트리 경이 ""이거 정말 끝내주네!(This is the real hanky-panky!)""라고 외친 것에서 이름이 유래. 허브 리큐르인 페르넷 브랑카가 소량 들어가 특유의 화하고 쌉쌀한 풍미를 더하는 것이 특징.","http://onz-cocktail.kr/uploads/cocktails/onz_cocktail_Hanky_Panky.webp","http://onz-cocktail.kr/uploads/glasses/onz_glasstype_coupe.webp","2026-01-12 17:55:00.548494","2026-01-12 17:55:00.548494","2","1","4","4","4","0","0","0","0","0","4","0","0","0","0","0","0","0","1","0","2","0","0","0","0","2","0","29","1","1","4","0","gin|fortified|liqueur","up","verified",
"66","라스트 워드","The Last Word","강함","28","30","스트롱","진",,"쿠페","사계절","진 22.5ml (¾ oz), 그린 샤르트뢰즈 22.5ml (¾ oz), 마라스키노 리큐르 22.5ml (¾ oz), 라임 주스 22.5ml (¾ oz)",,"허브, 새콤달콤, 복합적인, 라임","독특한, 개성있는, 깊은 대화","4","1. 셰이커에 얼음을 가득 채운다. / 2. 진 22.5ml (¾ oz), 그린 샤르트뢰즈 22.5ml (¾ oz), 마라스키노 리큐르 22.5ml (¾ oz), 라임 주스 22.5ml (¾ oz)를 넣는다. / 3. 15초간 강하게 흔든다. / 4. 미리 차갑게 식힌 쿠페 잔에 걸러 따른다.","AUTO","0","0","0","1915년경 디트로이트 애슬레틱 클럽에서 처음 만들어졌으며, 금주법 시대에 잠시 인기를 끌었음. 오랫동안 잊혔다가 2004년 시애틀의 바텐더 머레이 스텐슨(Murray Stenson)에 의해 재발견되어 세계적으로 부활. 네 가지 재료가 동일한 비율로 들어가 만들어내는 완벽한 균형감과 복합적인 맛이 특징.","http://onz-cocktail.kr/uploads/cocktails/onz_cocktail_The_Last_Word.webp","http://onz-cocktail.kr/uploads/glasses/onz_glasstype_coupe.webp","2026-01-12 17:55:00.54984","2026-01-12 17:55:00.54984","2","4","0","4","3","0","3","0","0","0","5","0","0","0","0","0","0","0","0","0","2","0","0","0","0","2","0","29","2","3","5","0","gin|liqueur","up","verified",
"67","맨해튼","Manhattan","강함","29","32","클래식","위스키",,"마티니","가을","라이 또는 캐나디안 위스키 50ml (1⅔ oz), 스위트 베르무트 20ml (⅔ oz), 앙고스투라 비터스 1 dash",,"스위트, 쌉쌀한, 스파이시, 체리","클래식, 도시적인, 중후한, 식후","3","1. 믹싱 글라스에 얼음을 채우고 라이 또는 캐나디안 위스키 50ml (1⅔ oz), 스위트 베르무트 20ml (⅔ oz), 앙고스투라 비터스 1 dash를 넣는다. / 2. 20~30초간 충분히 젓는다. / 3. 미리 차갑게 식힌 마티니 잔에 걸러 따른다.","AUTO","0","0","1","1870년대 뉴욕의 맨해튼 클럽에서 윈스턴 처칠의 어머니를 위한 파티에서 탄생했다는 유명한 일화가 있음. 하지만 이 일화는 시기적으로 맞지 않아, 실제로는 1860년대 뉴욕의 한 바에서 만들어졌다는 설이 더 신빙성 있음. '칵테일의 여왕'이라 불리며, 마티니, 올드 패션드와 함께 칵테일의 역사를 상징하는 클래식.","http://onz-cocktail.kr/uploads/cocktails/onz_cocktail_Manhattan.webp","http://onz-cocktail.kr/uploads/glasses/onz_glasstype_martini.webp","2026-01-12 17:55:00.551101","2026-01-12 17:55:00.551101","2","0","2","5","4","0","0","0","0","0","2","0","0","1","0","0","5","0","0","0","2","0","0","0","0","3","0","30","2","5","4","0","whiskey|fortified","up","verified",
"68","마르티네스","Martinez","강함","28","30","스트롱","진",,"쿠페","사계절","런던 드라이 진 45ml (1½ oz), 스위트 베르무트 45ml (1½ oz), 마라스키노 리큐르 1 tsp, 앙고스투라 비터스 2 dashes",,"스위트, 복합적인, 허브, 체리","클래식, 깊은 맛, 전환기","3","1. 믹싱 글라스에 얼음을 채우고 런던 드라이 진 45ml (1½ oz), 스위트 베르무트 45ml (1½ oz), 마라스키노 리큐르 1 tsp, 앙고스투라 비터스 2 dashes를 넣는다. / 2. 20~30초간 충분히 젓는다. / 3. 미리 차갑게 식힌 쿠페 잔에 걸러 따른다.","AUTO","0","0","0","마티니의 직접적인 조상으로 여겨지는 칵테일로, 1880년대에 처음 문헌에 등장함. 캘리포니아의 도시 마르티네즈에서 한 여행객이 마티니를 주문하며 탄생했다는 설이 있음. 초기 진 칵테일의 특징인 올드 톰 진과 스위트 베르무트를 사용하여 마티니보다 더 달콤하고 풍부한 맛을 냄.","http://onz-cocktail.kr/uploads/cocktails/onz_cocktail_Martinez.webp","http://onz-cocktail.kr/uploads/glasses/onz_glasstype_coupe.webp","2026-01-12 17:55:00.552419","2026-01-12 17:55:00.552419","3","0","2","4","3","0","0","0","1","0","3","0","0","0","0","0","2","0","0","0","2","0","0","0","0","2","0","29","2","2","4","0","gin|fortified|liqueur","up","verified",
"69","몽키 글랜드","Monkey Gland","강함","26","28","스트롱","진",,"쿠페","사계절","진 45ml (1½ oz), 오렌지 주스 45ml (1½ oz), 압생트 1 tbsp, 그레나딘 시럽 1 tbsp",,"오렌지, 아니스, 새콤, 독특한","개성있는, 독특한, 모험적인","4","1. 셰이커에 얼음을 가득 채운다. / 2. 진 45ml (1½ oz), 오렌지 주스 45ml (1½ oz), 압생트 1 tbsp, 그레나딘 시럽 1 tbsp를 넣는다. / 3. 15초간 강하게 흔든다. / 4. 미리 차갑게 식힌 쿠페 잔에 걸러 따른다.","AUTO","0","0","0","1920년대 파리 해리스 뉴욕 바의 해리 맥켈혼이 창작한 칵테일. 이름은 당시 유행했던 '원숭이 고환 이식 수술'이라는 기상천외한 회춘 시술에서 유래. 압생트가 소량 들어가 아니스의 독특한 향을 더하며, 이름만큼이나 독특하고 강렬한 인상을 줌.","http://onz-cocktail.kr/uploads/cocktails/onz_cocktail_Monkey_Gland.webp","http://onz-cocktail.kr/uploads/glasses/onz_glasstype_coupe.webp","2026-01-12 17:55:00.553694","2026-01-12 17:55:00.553694","3","2","0","3","3","0","4","0","1","0","0","0","0","0","0","0","0","0","2","0","2","0","0","0","0","0","0","27","3","1","3","1","gin|liqueur","up","verified",
"70","네그로니","Negroni","강함","24","26","클래식","진",,"록스","사계절","진 22.5ml (¾ oz), 캄파리 22.5ml (¾ oz), 스위트 베르무트 22.5ml (¾ oz)",,"쌉쌀달콤, 오렌지, 허브, 강한","식전, 클래식, 깊은 맛, 세련된","3","1. 믹싱 글라스에 얼음을 채우고 진 22.5ml (¾ oz), 캄파리 22.5ml (¾ oz), 스위트 베르무트 22.5ml (¾ oz)를 넣는다. / 2. 20~30초간 충분히 젓는다. / 3. 록스 잔에 크고 단단한 얼음 한 덩이를 넣는다. 그 위에 걸러 따른다.","AUTO","0","0","0","1919년 이탈리아 피렌체의 한 카페에서 카밀로 네그로니 백작이 주문하며 탄생함. 평소 마시던 아메리카노에 탄산수 대신 진을 넣어달라고 요청한 것이 시초. 진, 캄파리, 스위트 베르무트가 1:1:1 비율로 들어가는 단순하면서도 완벽한 조화로 전 세계적인 사랑을 받음.","http://onz-cocktail.kr/uploads/cocktails/onz_cocktail_Negroni.webp","http://onz-cocktail.kr/uploads/glasses/onz_glasstype_rocks.webp","2026-01-12 17:55:00.554949","2026-01-12 17:55:00.554949","2","0","5","4","3","0","2","0","0","0","4","0","0","0","0","0","0","0","0","0","3","0","0","0","0","2","0","25","1","4","4","1","gin|fortified|liqueur","rocks","verified",
"71","올드 패션드","Old Fashioned","강함","30","33","클래식","위스키",,"록스","가을","버번 또는 라이 위스키 45ml (1½ oz), 앙고스투라 비터스 2 dashes, 각설탕 1개, 물 약간",,"스파이시, 오렌지, 달콤쌉쌀, 클래식","중후한, 깊은 대화, 혼술","3","1. 록스 잔에 각설탕 1개를 넣고 가볍게 으깬다. / 2. 버번 또는 라이 위스키 45ml (1½ oz), 앙고스투라 비터스 2 dashes, 물 약간을 넣는다. / 3. 록스 잔에 크고 단단한 얼음 한 덩이를 넣는다.","AUTO","0","0","0","19세기 초반 '위스키 칵테일'이라는 이름으로 존재하던 가장 원초적인 형태의 칵테일. 1880년대 켄터키의 한 신사 클럽에서 옛 방식(Old-Fashioned)을 그리워하며 재탄생했다는 설이 있음. 설탕, 비터스, 스피릿, 물이라는 칵테일의 기본 정의에 가장 충실한 '칵테일의 시조'.","http://onz-cocktail.kr/uploads/cocktails/onz_cocktail_Old_Fashioned.webp","http://onz-cocktail.kr/uploads/glasses/onz_glasstype_rocks.webp","2026-01-12 17:55:00.556342","2026-01-12 17:55:00.556342","2","0","2","5","4","0","1","0","0","0","0","0","0","2","0","0","5","0","0","0","0","0","0","0","0","3","0","31","2","5","3","0","whiskey","rocks","verified",
"72","포르토 플립","Porto Flip","보통","18","20","스탠다드","브랜디",,"쿠페","겨울","브랜디 15ml (½ oz), 포트 와인 45ml (1½ oz), 계란 노른자 10ml (⅓ oz)",,"크리미, 달콤, 부드러운, 너티","식후, 디저트, 부드러운, 추운 날","4","1. 셰이커에 브랜디 15ml (½ oz), 포트 와인 45ml (1½ oz), 계란 노른자 10ml (⅓ oz)를 넣는다. / 2. 얼음 없이 먼저 15초간 흔든다. / 3. 얼음을 채우고 15초간 강하게 흔든다. / 4. 미리 차갑게 식힌 쿠페 잔에 걸러 따른다.","AUTO","0","0","0","17세기부터 존재했던 '플립(Flip)' 스타일 칵테일의 일종으로, 계란이 통째로 들어가는 것이 특징. 현재의 레시피는 19세기 후반에 정립되었으며, 포트 와인을 사용하여 깊고 달콤한 맛을 냄. 계란 노른자가 들어가 매우 부드럽고 크리미한 질감을 가지며, 디저트 칵테일로 인기가 높음.","http://onz-cocktail.kr/uploads/cocktails/onz_cocktail_Porto_Flip.webp","http://onz-cocktail.kr/uploads/glasses/onz_glasstype_coupe.webp","2026-01-12 17:55:00.557569","2026-01-12 17:55:00.557569","4","0","0","2","4","0","0","0","2","0","0","0","0","0","0","3","3","0","0","0","0","0","3","0","0","2","0","19","3","1","4","0","fortified|brandy","up","verified","egg"
"73","라모스 피즈","Ramos Fizz","보통","10","12","스탠다드","진",,"하이볼","봄","진 45ml (1½ oz), 라임 주스 15ml (½ oz), 레몬 주스 15ml (½ oz), 설탕 시럽 30ml (1 oz), 생크림 60ml (2 oz), 계란 흰자 30ml (1 oz), 오렌지 플라워 워터 3 dashes, 바닐라 엑기스 2 drops, 탄산수",,"크리미, 시트러스, 바닐라, 부드러운","특별한 날, 정성, 부드러운, 브런치","4","1. 셰이커에 진 45ml (1½ oz), 라임 주스 15ml (½ oz), 레몬 주스 15ml (½ oz), 설탕 시럽 30ml (1 oz), 생크림 60ml (2 oz), 계란 흰자 30ml (1 oz), 오렌지 플라워 워터 3 dashes, 바닐라 엑기스 2 drops를 넣는다. / 2. 얼음 없이 먼저 15초간 흔든다. / 3. 얼음을 채우고 15초간 강하게 흔든다. / 4. 하이볼 잔에 얼음을 잔 끝까지 넣는다. 그 위에 걸러 따른다.","AUTO","0","0","0","1888년 뉴올리언스의 바텐더 헨리 라모스(Henry C. Ramos)가 창작한 전설적인 칵테일. 부드러운 거품을 만들기 위해 10분 이상 격렬하게 쉐이킹해야 하는 것으로 악명 높음. 독특한 재료와 극도의 정성으로 만들어내는 구름 같은 질감과 복합적인 풍미는 타의 추종을 불허함.","http://onz-cocktail.kr/uploads/cocktails/onz_cocktail_Ramos_Fizz.webp","http://onz-cocktail.kr/uploads/glasses/onz_glasstype_highball.webp","2026-01-12 17:55:00.558874","2026-01-12 17:55:00.558874","4","3","0","2","5","4","3","0","0","0","0","0","3","0","0","4","0","0","0","0","0","0","1","0","0","0","3","11","4","3","3","0","gin","long","verified","dairy|egg"
"74","러스티 네일","Rusty Nail","강함","32","35","스트롱","위스키",,"록스","겨울","스카치 위스키 45ml (1½ oz), 드람뷔 25ml (⅘ oz)",,"꿀, 허브, 스모키, 달콤한","깊은 밤, 중후한, 클래식, 남성적인","3","1. 믹싱 글라스에 얼음을 채우고 스카치 위스키 45ml (1½ oz), 드람뷔 25ml (⅘ oz)를 넣는다. / 2. 20~30초간 충분히 젓는다. / 3. 록스 잔에 크고 단단한 얼음 한 덩이를 넣는다. 그 위에 걸러 따른다.","AUTO","0","0","0","1937년 영국 산업 박람회에서 처음 선보였다는 설이 있으며, 1950년대 뉴욕에서 현재의 이름으로 정착. '녹슨 못'이라는 이름은 칵테일의 색깔이나, 초기에 녹슨 못으로 저었다는 괴담에서 유래했다는 설이 있음. 스카치 위스키와 꿀 기반의 리큐르 드람buie만으로 만드는 단순하지만 깊고 남성적인 칵테일.","http://onz-cocktail.kr/uploads/cocktails/onz_cocktail_Rusty_Nail.webp","http://onz-cocktail.kr/uploads/glasses/onz_glasstype_rocks.webp","2026-01-12 17:55:00.560226","2026-01-12 17:55:00.560226","3","0","2","5","4","0","0","0","0","0","3","0","0","0","0","0","4","1","0","0","0","0","1","0","0","3","0","33","1","3","4","0","whiskey|liqueur","rocks","verified",
"75","사제락","Sazerac","강함","35","38","클래식","위스키",,"록스","가을","코냑 또는 라이 위스키 50ml (1⅔ oz), 압생트 10ml (⅓ oz), 페이쇼드 비터스 2 dashes, 각설탕 1개",,"아니스, 스파이시, 허브, 강한","클래식, 독특한, 깊은 맛, 진중한","3","1. 록스 잔에 각설탕 1개를 넣고 가볍게 으깬다. / 2. 코냑 또는 라이 위스키 50ml (1⅔ oz), 압생트 10ml (⅓ oz), 페이쇼드 비터스 2 dashes를 넣는다. / 3. 록스 잔에 크고 단단한 얼음 한 덩이를 넣는다.","AUTO","0","0","0","1838년 뉴올리언스의 약사 앙투안 페이쇼(Antoine Peychaud)가 자신의 비터스를 이용해 만든 것이 시초. 원래는 코냑 베이스였으나, 필록세라 때문에 라이 위스키로 대체되면서 현재의 형태가 됨. 압생트로 잔을 헹궈 향을 입히는 독특한 제조 방식과 강렬한 허브 풍미가 특징인 뉴올리언스의 상징.","http://onz-cocktail.kr/uploads/cocktails/onz_cocktail_Sazerac.webp","http://onz-cocktail.kr/uploads/glasses/onz_glasstype_rocks.webp","2026-01-12 17:55:00.561454","2026-01-12 17:55:00.561454","2","0","3","5","5","0","0","0","0","0","0","0","0","2","0","0","4","0","3","0","0","0","0","0","0","3","0","36","1","3","5","0","whiskey|brandy","rocks","verified",
"76","턱시도","Tuxedo","강함","30","32","스트롱","진",,"마티니","사계절","진 30ml (1 oz), 드라이 베르무트 30ml (1 oz), 마라스키노 리큐르 ½ tsp, 압생트 ¼ tsp, 레몬 제스트, 체리",,"드라이, 아니스, 셰리, 복합적인","클래식, 세련된, 특별한 날, 격식있는","5","1. 셰이커에 얼음을 가득 채운다. / 2. 진 30ml (1 oz), 드라이 베르무트 30ml (1 oz), 마라스키노 리큐르 ½ tsp, 압생트 ¼ tsp를 넣는다. / 3. 15초간 강하게 흔든다. / 4. 미리 차갑게 식힌 마티니 잔에 걸러 따른다. / 5. 레몬 제스트, 체리로 장식한다.","AUTO","0","0","0","1886년 뉴욕 외곽에 문을 연 '턱시도 클럽'에서 처음 만들어진 칵테일. 마티니의 변형 중 하나로, 마라스키노 리큐르와 압생트, 오렌지 비터스가 더해져 훨씬 복합적인 맛을 냄. 이름처럼 격식 있고 우아한 분위기를 자아내는 클래식 칵테일.","http://onz-cocktail.kr/uploads/cocktails/onz_cocktail_Tuxedo.webp","http://onz-cocktail.kr/uploads/glasses/onz_glasstype_martini.webp","2026-01-12 17:55:00.562693","2026-01-12 17:55:00.562693","1","0","3","4","2","0","2","0","0","0","4","0","0","0","0","0","0","0","2","0","3","0","0","0","0","0","0","31","1","1","5","0","gin|fortified|liqueur","up","verified",
"77","롱 아일랜드 아이스티","Long Island Iced Tea","강함","20","22","스트롱","보드카, 진, 럼, 테킬라",,"하이볼","여름","보드카 15ml (½ oz), 화이트 럼 15ml (½ oz), 진 15ml (½ oz), 테킬라 15ml (½ oz), 쿠앵트로 15ml (½ oz), 레몬 주스 30ml (1 oz), 설탕 시럽 20ml (⅔ oz), 콜라",,"콜라, 레몬, 달콤, 매우 강함","파티, 강렬한, 위험한, 여름","3","1. 하이볼 잔에 얼음을 잔 끝까지 넣는다. / 2. 보드카 15ml (½ oz), 화이트 럼 15ml (½ oz), 진 15ml (½ oz), 테킬라 15ml (½ oz), 쿠앵트로 15ml (½ oz), 레몬 주스 30ml (1 oz), 설탕 시럽 20ml (⅔ oz)를 붓는다. / 3. 콜라를 잔 벽을 따라 천천히 채운다.","AUTO","0","1","0","1970년대 미국 뉴욕 롱아일랜드의 바텐더 로버트 버트(Robert Butt)가 칵테일 대회에서 처음 선보였다는 설이 유력함. 이름과 달리 홍차는 전혀 들어가지 않지만, 콜라 때문에 색깔이 아이스티와 비슷해 붙여진 이름. 다양한 종류의 술이 들어가 도수가 매우 높지만 달콤한 맛에 가려져 있어 '앉은뱅이 술'로도 불림.","http://onz-cocktail.kr/uploads/cocktails/onz_cocktail_Long_Island_Iced_Tea.webp","http://onz-cocktail.kr/uploads/glasses/onz_glasstype_highball.webp","2026-01-12 17:55:00.563966","2026-01-12 17:55:00.563966","3","2","0","3","2","0","3","0","0","0","0","0","0","0","0","0","0","0","0","0","0","0","0","3","0","0","0","21","4","5","2","0","vodka|rum|gin|tequila|liqueur","long","verified","caffeine"
"78","마이타이","Mai Tai","강함","24","27","스트롱","럼",,"록스","여름","자메이카 럼 30ml (1 oz), 마르티니크 럼 30ml (1 oz), 오렌지 큐라소 15ml (½ oz), 오르쟈 시럽 15ml (½ oz), 라임 주스 30ml (1 oz), 심플 시럽 7.5ml (¼ oz), 파인애플, 민트 잎, 라임 필",,"아몬드, 오렌지, 라임, 열대과일","휴양지, 열대, 복합적인, 여름","5","1. 셰이커에 얼음을 가득 채운다. / 2. 자메이카 럼 30ml (1 oz), 마르티니크 럼 30ml (1 oz), 오렌지 큐라소 15ml (½ oz), 오르쟈 시럽 15ml (½ oz), 라임 주스 30ml (1 oz), 심플 시럽 7.5ml (¼ oz), 파인애플을 넣는다. / 3. 15초간 강하게 흔든다. / 4. 록스 잔에 크고 단단한 얼음 한 덩이를 넣는다. 그 위에 걸러 따른다. / 5. 민트 잎, 라임 필로 장식한다.","AUTO","1","0","0","1944년 미국 오클랜드의 티키 바 '트레이더 빅스'의 빅터 버거론(Victor Bergeron)이 창시. 타히티에서 온 친구에게 처음 선보였을 때 ""세상 최고야!(Mai Tai-Roa Aé!)""라고 외친 것에서 이름이 유래. 오리지널 레시피는 복잡하고 구하기 힘든 재료를 사용하여, 티키 칵테일의 정수로 평가받음.","http://onz-cocktail.kr/uploads/cocktails/onz_cocktail_Mai_Tai.webp","http://onz-cocktail.kr/uploads/glasses/onz_glasstype_rocks.webp","2026-01-12 17:55:00.565306","2026-01-12 17:55:00.565306","4","4","0","3","3","0","4","1","0","0","0","0","0","0","0","2","3","0","0","0","0","0","0","3","2","0","0","25","4","5","4","0","rum|liqueur","rocks","verified","nut"
"79","민트 줄렙","Mint Julep","강함","28","32","스트롱","위스키",,"줄렙 컵","여름","버번 위스키 60ml (2 oz), 민트 잎 4-5개, 설탕 1 tsp, 물 2 tsp",,"민트, 달콤한, 스파이시, 시원한","여름, 클래식, 경마, 상쾌한","3","1. 줄렙 컵에 민트 잎 4-5개를 넣고 가볍게 으깬다. / 2. 버번 위스키 60ml (2 oz), 설탕 1 tsp, 물 2 tsp를 넣는다. / 3. 줄렙 컵에 크러시드 아이스를 가득 넣는다.","AUTO","0","0","0","18세기 미국 남부에서 탄생한 매우 유서 깊은 칵테일. 원래는 약용으로 마시던 음료였으나, 점차 위스키를 기반으로 한 사교용 음료로 발전. 미국 최대의 경마 대회 '켄터키 더비'의 공식 음료로 지정되어 매년 엄청난 양이 소비됨.","http://onz-cocktail.kr/uploads/cocktails/onz_cocktail_Mint_Julep.webp","http://onz-cocktail.kr/uploads/glasses/onz_glasstype_julep_cup.webp","2026-01-12 17:55:00.566776","2026-01-12 17:55:00.566776","3","0","1","5","3","0","0","0","0","0","0","5","0","0","0","0","4","0","0","0","0","0","0","0","1","2","0","30","2","4","4","0","whiskey","rocks","verified",
"80","피스코 사워","Pisco Sour","보통","18","20","스탠다드","피스코",,"록스","사계절","피스코 60ml (2 oz), 레몬즙 30ml (1 oz), 설탕 시럽 20ml (⅔ oz), 계란 흰자 1개, 아마르고 비터 몇 방울",,"새콤달콤, 포도향, 부드러운, 시트러스","독특한, 남미, 부드러운, 식전","4","1. 셰이커에 피스코 60ml (2 oz), 레몬즙 30ml (1 oz), 설탕 시럽 20ml (⅔ oz), 계란 흰자 1개, 아마르고 비터 몇 방울을 넣는다. / 2. 얼음 없이 먼저 15초간 흔든다. / 3. 얼음을 채우고 15초간 강하게 흔든다. / 4. 록스 잔에 크고 단단한 얼음 한 덩이를 넣는다. 그 위에 걸러 따른다.","AUTO","0","1","0","1920년대 페루 리마의 '모리스 바'에서 미국인 바텐더 빅터 모리스가 창작. 페루와 칠레의 국민 증류주 '피스코'를 베이스로 하며, 양국 간의 원조 논쟁이 치열함. 계란 흰자를 넣어 만드는 부드러운 거품 위에 앙고스투라 비터스를 떨어뜨려 장식하는 것이 특징.","http://onz-cocktail.kr/uploads/cocktails/onz_cocktail_Pisco_Sour.webp","http://onz-cocktail.kr/uploads/glasses/onz_glasstype_rocks.webp","2026-01-12 17:55:00.56824","2026-01-12 17:55:00.56824","3","4","0","2","3","0","4","0","0","0","0","0","0","0","0","0","0","0","0","0","2","0","0","2","0","0","0","19","4","4","3","0","pisco","up","verified","egg"
"81","하부 지 갈루","Rabo de Galo","강함","28","30","스트롱","카샤사",,"록스","사계절","카샤사 60ml (2 oz), 스위트 베르무트 친자노 로소 20ml (⅔ oz), 시나르 15ml (½ oz), 오렌지 필 트위스트",,"허브, 쌉쌀달콤, 강한, 브라질","현지, 독특한, 식전","5","1. 셰이커에 얼음을 가득 채운다. / 2. 카샤사 60ml (2 oz), 스위트 베르무트 친자노 로소 20ml (⅔ oz), 시나르 15ml (½ oz)를 넣는다. / 3. 15초간 강하게 흔든다. / 4. 록스 잔에 크고 단단한 얼음 한 덩이를 넣는다. 그 위에 걸러 따른다. / 5. 오렌지 필 트위스트로 장식한다.","AUTO","0","0","0","수탉의 꼬리'라는 뜻의 브라질 칵테일로, 영어 단어 'Cocktail'을 그대로 번역한 이름. 20세기 중반 이탈리아 이민자들이 들여온 베르무트와 브라질의 카샤사가 결합하여 탄생. 브라질 현지인들이 즐겨 마시는 대표적인 식전주로, 쌉쌀하면서도 달콤한 맛이 매력적.","http://onz-cocktail.kr/uploads/cocktails/onz_cocktail_Rabo_de_Galo.webp","http://onz-cocktail.kr/uploads/glasses/onz_glasstype_rocks.webp","2026-01-12 17:55:00.569528","2026-01-12 17:55:00.569528","2","1","4","4","4","0","0","0","0","0","3","0","0","0","0","0","2","0","0","0","2","0","0","0","0","2","0","29","2","1","4","0","cachaca|fortified|liqueur","rocks","verified",
"82","싱가폴 슬링","Singapore Sling","보통","16","18","스페셜","진",,"허리케인","여름","진 30ml (1 oz), 체리 리큐르 15ml (½ oz), 돔 베네딕틴 7.5ml (¼ oz), 코앵트로 7.5ml (¼ oz), 파인애플 주스 120ml (4 oz), 라임 주스 15ml (½ oz), 그레나딘 시럽 10ml (⅓ oz), 앙고스투라 비터스 1 dash, 마라스키노 체리",,"체리, 파인애플, 허브, 복합적인","열대, 클래식, 이국적인, 여름","5","1. 셰이커에 얼음을 가득 채운다. / 2. 진 30ml (1 oz), 체리 리큐르 15ml (½ oz), 돔 베네딕틴 7.5ml (¼ oz), 코앵트로 7.5ml (¼ oz), 파인애플 주스 120ml (4 oz), 라임 주스 15ml (½ oz), 그레나딘 시럽 10ml (⅓ oz), 앙고스투라 비터스 1 dash를 넣는다. / 3. 15초간 강하게 흔든다. / 4. 허리케인 잔에 크러시드 아이스를 가득 넣는다. 그 위에 걸러 따른다. / 5. 마라스키노 체리로 장식한다.","AUTO","0","0","0","1915년 싱가포르 래플스 호텔의 롱 바에서 바텐더 니암 통 분(Ngiam Tong Boon)이 창작. 당시 여성들이 공공장소에서 술 마시는 것을 꺼리는 분위기 속에서, 주스처럼 보이도록 분홍색으로 만듦. 많은 재료가 들어가는 복합적인 맛의 칵테일로, 싱가포르를 대표하는 상징적인 음료.","http://onz-cocktail.kr/uploads/cocktails/onz_cocktail_Singapore_Sling.webp","http://onz-cocktail.kr/uploads/glasses/onz_glasstype_hurricane.webp","2026-01-12 17:55:00.57085","2026-01-12 17:55:00.57085","4","3","1","1","3","0","2","3","3","0","2","0","0","0","0","0","0","0","0","0","0","0","0","3","2","0","0","17","4","4","3","0","gin|liqueur","long","verified",
"83","뷰 카레","Vieux Carré","강함","33","36","스트롱","위스키, 브랜디",,"록스","가을","라이 위스키 30ml (1 oz), 코냑 30ml (1 oz), 스위트 베르무트 30ml (1 oz), 돔 베네딕틴 5ml (⅙ oz), 페이쇼 비터스 2 dashes, 오렌지 필, 체리",,"스파이시, 허브, 쌉쌀달콤, 복합적인","깊은 맛, 클래식, 뉴올리언스, 중후한","5","1. 셰이커에 얼음을 가득 채운다. / 2. 라이 위스키 30ml (1 oz), 코냑 30ml (1 oz), 스위트 베르무트 30ml (1 oz), 돔 베네딕틴 5ml (⅙ oz), 페이쇼 비터스 2 dashes를 넣는다. / 3. 15초간 강하게 흔든다. / 4. 록스 잔에 크고 단단한 얼음 한 덩이를 넣는다. 그 위에 걸러 따른다. / 5. 오렌지 필, 체리로 장식한다.","AUTO","0","0","0","1937년 뉴올리언스 몬텔레오네 호텔의 캐러셀 바에서 월터 버거론(Walter Bergeron)이 창작. '오래된 광장'이라는 뜻의 이름은 뉴올리언스의 프랑스 지구(French Quarter)를 의미. 라이 위스키, 코냑, 베네딕틴 등 다양한 재료가 어우러져 매우 복합적이고 깊은 풍미를 내는 칵테일.","http://onz-cocktail.kr/uploads/cocktails/onz_cocktail_Vieux_Carré.webp","http://onz-cocktail.kr/uploads/glasses/onz_glasstype_rocks.webp","2026-01-12 17:55:00.572267","2026-01-12 17:55:00.572267","3","1","3","5","5","0","0","0","0","0","3","0","0","1","0","0","5","0","0","0","0","0","0","0","0","3","0","35","1","3","5","0","whiskey|brandy|fortified|liqueur","rocks","verified",
"84","좀비","Zombie","강함","25","30","스트롱","럼",,"허리케인","여름","다크 럼 45ml (1½ oz), 골드 럼 45ml (1½ oz), 151 프루프 럼 30ml (1 oz), 라임 주스 20ml (⅔ oz), 팔레넘 시럽 15ml (½ oz), 그레나딘 1tsp, 돈 비치의 믹스 15ml (½ oz), 앙고스투라 비터스 1 dash, 페르노 6 drops",,"열대과일, 매우 강함, 스파이시, 복합적인","파티, 강렬한, 열대, 위험한","4","1. 셰이커에 얼음을 가득 채운다. / 2. 다크 럼 45ml (1½ oz), 골드 럼 45ml (1½ oz), 151 프루프 럼 30ml (1 oz), 라임 주스 20ml (⅔ oz), 팔레넘 시럽 15ml (½ oz), 그레나딘 1tsp, 돈 비치의 믹스 15ml (½ oz), 앙고스투라 비터스 1 dash, 페르노 6 drops를 넣는다. / 3. 15초간 강하게 흔든다. / 4. 허리케인 잔에 크러시드 아이스를 가득 넣는다. 그 위에 걸러 따른다.","AUTO","0","0","1","1934년 할리우드의 돈 더 비치콤버(Don the Beachcomber) 바에서 돈 비치(Donn Beach)가 창작. 숙취에 시달리던 손님을 위해 만들었는데, 며칠 후 그가 와서 ""이 술 때문에 좀비가 된 것 같았다""고 말한 데서 유래. 여러 종류의 럼과 높은 도수의 151 럼이 들어가 매우 강하지만, 과일 맛에 가려져 있어 위험한 칵테일로 유명.","http://onz-cocktail.kr/uploads/cocktails/onz_cocktail_Zombie.webp","http://onz-cocktail.kr/uploads/glasses/onz_glasstype_hurricane.webp","2026-01-12 17:55:00.573515","2026-01-12 17:55:00.573515","4","3","2","4","4","0","3","4","0","0","0","0","0","3","0","0","3","0","0","0","0","0","0","3","0","0","0","28","3","4","4","0","rum|liqueur","long","verified",
"85","베스퍼","Vesper","강함","33","35","클래식","진, 보드카",,"마티니","사계절","진 45ml (1½ oz), 보드카 15ml (½ oz), 릴레 블랑 7.5ml (¼  oz), 레몬 필",,"드라이, 시트러스, 강한, 허브","세련된, 클래식, 스파이, 강렬한","5","1. 셰이커에 얼음을 가득 채운다. / 2. 진 45ml (1½ oz), 보드카 15ml (½ oz), 릴레 블랑 7.5ml (¼ oz)를 넣는다. / 3. 15초간 강하게 흔든다. / 4. 미리 차갑게 식힌 마티니 잔에 걸러 따른다. / 5. 레몬 필로 장식한다.","AUTO","0","0","1","이언 플레밍의 첫 번째 007 소설 '카지노 로얄'(1953)에서 제임스 본드가 직접 주문하여 탄생한 칵테일. 이름은 본드가 사랑했던 이중 스파이 '베스퍼 린드'의 이름을 따서 지음. ""젓지 말고 흔들어서""라는 대사와는 달리, 소설 속에서 본드는 이 칵테일을 흔들어 달라고 주문함.","http://onz-cocktail.kr/uploads/cocktails/onz_cocktail_Vesper.webp","http://onz-cocktail.kr/uploads/glasses/onz_glasstype_martini.webp","2026-01-12 17:55:00.574747","2026-01-12 17:55:00.574747","0","0","2","5","2","0","2","0","0","0","3","0","0","0","0","0","0","0","0","0","3","0","0","0","0","0","0","34","1","4","5","0","gin|vodka|fortified","up","verified",
"86","옐로 버드","Yellow Bird","보통","16","18","스탠다드","럼",,"쿠페","여름","화이트 럼 30ml (1 oz), 갈리아노 15ml (½ oz), 트리플 섹 15ml (½ oz), 라임 주스 15ml (½ oz)",,"바나나, 시트러스, 아니스, 열대과일","휴양지, 열대, 달콤한, 부드러운","4","1. 셰이커에 얼음을 가득 채운다. / 2. 화이트 럼 30ml (1 oz), 갈리아노 15ml (½ oz), 트리플 섹 15ml (½ oz), 라임 주스 15ml (½ oz)를 넣는다. / 3. 15초간 강하게 흔든다. / 4. 미리 차갑게 식힌 쿠페 잔에 걸러 따른다.","AUTO","0","0","0","1957년 동명의 유명한 아이티 노래 '옐로우 버드'에서 이름을 따온 칵테일. 카리브해의 정취를 담은 트로피컬 칵테일로, 레시피는 바에 따라 조금씩 차이가 있음. 허브 리큐르인 갈리아노가 들어가 바닐라와 아니스의 독특한 풍미를 더하는 것이 특징.","http://onz-cocktail.kr/uploads/cocktails/onz_cocktail_Yellow_Bird.webp","http://onz-cocktail.kr/uploads/glasses/onz_glasstype_coupe.webp","2026-01-12 17:55:00.576159","2026-01-12 17:55:00.576159","4","3","0","2","3","0","3","3","0","0","2","0","0","0","0","0","0","0","0","0","0","0","0","2","2","0","0","17","4","2","3","0","rum|liqueur","up","verified",
"87","카르디날레","Cardinale","강함","26","28","스트롱","진",,"록스","사계절","진  40ml (1⅓ oz), 캄파리 10ml (⅓ oz), 드라이 베르무트 20ml (⅔ oz), 레몬 제스트",,"쌉쌀한, 드라이, 허브, 강한","식전, 클래식, 세련된, 강렬한","5","1. 셰이커에 얼음을 가득 채운다. / 2. 진 40ml (1⅓ oz), 캄파리 10ml (⅓ oz), 드라이 베르무트 20ml (⅔ oz)를 넣는다. / 3. 15초간 강하게 흔든다. / 4. 록스 잔에 크고 단단한 얼음 한 덩이를 넣는다. 그 위에 걸러 따른다. / 5. 레몬 제스트로 장식한다.","AUTO","0","0","0","1950년대 로마의 한 호텔 바에서 탄생한 칵테일. 네그로니의 스위트 베르무트를 드라이 베르무트로 바꾼 변형으로, 훨씬 더 쌉쌀하고 드라이한 맛이 특징. '추기경'이라는 이름은 칵테일의 붉은색이 추기경의 수단(법의) 색과 같다고 해서 붙여짐.","http://onz-cocktail.kr/uploads/cocktails/onz_cocktail_Cardinale.webp","http://onz-cocktail.kr/uploads/glasses/onz_glasstype_rocks.webp","2026-01-12 17:55:00.577509","2026-01-12 17:55:00.577509","1","1","4","4","2","0","2","0","0","0","4","0","0","0","0","0","0","0","0","0","3","0","0","0","0","0","0","27","1","1","4","0","gin|liqueur|fortified","rocks","verified",
"88","콥스 리바이버 No.2","Corpse Reviver No,2","강함","26","28","스트롱","진",,"쿠페","사계절","진 30ml (1 oz), 코앵트로 30ml (1 oz), 릴레 블랑 30ml (1 oz), 레몬 주스 30ml (1 oz), 압생트 1 dash, 오렌지 필 제스트",,"아니스, 시트러스, 새콤달콤, 허브","해장, 독특한, 강렬한, 클래식","5","1. 셰이커에 얼음을 가득 채운다. / 2. 진 30ml (1 oz), 코앵트로 30ml (1 oz), 릴레 블랑 30ml (1 oz), 레몬 주스 30ml (1 oz), 압생트 1 dash를 넣는다. / 3. 15초간 강하게 흔든다. / 4. 미리 차갑게 식힌 쿠페 잔에 걸러 따른다. / 5. 오렌지 필 제스트로 장식한다.","AUTO","0","0","0","죽은 자를 되살리는 자'라는 무시무시한 이름은 숙취 해소용 칵테일이라는 의미를 담고 있음. 여러 버전이 존재하지만, 해리 크래독이 '사보이 칵테일 북'에서 ""두 잔 이상 마시면 다시 시체가 된다""고 경고한 #2가 가장 유명. 네 가지 주재료가 동일 비율로 들어가며, 압생트의 향이 더해져 매우 독특하고 복합적인 맛을 냄.","http://onz-cocktail.kr/uploads/cocktails/onz_cocktail_Corpse_Reviver_No,2.webp","http://onz-cocktail.kr/uploads/glasses/onz_glasstype_coupe.webp","2026-01-12 17:55:00.578762","2026-01-12 17:55:00.578762","3","4","1","3","2","0","5","0","0","0","2","0","0","0","0","0","0","0","1","0","2","0","0","0","0","0","2","27","3","3","4","0","gin|liqueur|fortified","up","verified",
"89","돈스 스페셜 다이키리","Don's Special Daiquiri","보통","17","19","스탠다드","럼",,"쿠페","여름","화이트 럼 30ml (1 oz), 다크 럼 130ml (1 oz), 라임 주스 15ml (½ oz), 꿀 시럽 15ml (½ oz), 패션프루트 시럽 15ml (½ oz)",,"꿀, 패션프루트, 라임, 열대과일","열대, 퓨전, 독특한, 여름","4","1. 셰이커에 얼음을 가득 채운다. / 2. 화이트 럼 30ml (1 oz), 다크 럼 130ml (1 oz), 라임 주스 15ml (½ oz), 꿀 시럽 15ml (½ oz), 패션프루트 시럽 15ml (½ oz)를 넣는다. / 3. 15초간 강하게 흔든다. / 4. 미리 차갑게 식힌 쿠페 잔에 걸러 따른다.","AUTO","0","0","0","티키 칵테일의 아버지 '돈 비치'가 만든 다이키리의 변형. 일반적인 다이키리에 꿀과 패션프루트 시럽을 더해 더욱 복합적이고 열대적인 풍미를 강조. 두 종류의 럼을 사용하여 깊이를 더했으며, 티키 스타일의 창의성이 돋보이는 칵테일.","http://onz-cocktail.kr/uploads/cocktails/onz_cocktail_Dons_Special_Daiquiri.webp","http://onz-cocktail.kr/uploads/glasses/onz_glasstype_coupe.webp","2026-01-12 17:55:00.580079","2026-01-12 17:55:00.580079","4","4","0","3","3","0","4","0","0","0","0","0","0","0","0","0","2","0","0","0","0","0","0","0","2","0","0","18","4","2","3","0","rum","up","verified",
"90","일레갈","Illegal","강함","25","27","스트롱","메스칼",,"쿠페","사계절","메스칼 30ml (1 oz), 화이트 럼 15ml (½ oz), 팔레넘 시럽 15ml (½ oz), 룩사르도 마라스키노 1 tsp, 라임 주스 22.5ml (¾ oz), 설탕 시럽 15ml (½ oz), 계란 흰자 (선택)",,"스모키, 라임, 꿀, 허브","독특한, 스모키, 멕시코, 모험적인","4","1. 셰이커에 메스칼 30ml (1 oz), 화이트 럼 15ml (½ oz), 팔레넘 시럽 15ml (½ oz), 룩사르도 마라스키노 1 tsp, 라임 주스 22.5ml (¾ oz), 설탕 시럽 15ml (½ oz), 계란 흰자 (선택)를 넣는다. / 2. 얼음 없이 먼저 15초간 흔든다. / 3. 얼음을 채우고 15초간 강하게 흔든다. / 4. 미리 차갑게 식힌 쿠페 잔에 걸러 따른다.","AUTO","0","0","1","메스칼의 스모키한 풍미를 중심으로 구성된 현대적인 사워 스타일 칵테일. '불법적인'이라는 이름은 금주법 시대를 연상시키거나, 메스칼의 강렬하고 중독적인 맛을 표현. 럼과 팔레넘 시럽이 더해져 티키 스타일의 느낌을 주면서도 메스칼의 개성을 잃지 않음.","http://onz-cocktail.kr/uploads/cocktails/onz_cocktail_Illegal.webp","http://onz-cocktail.kr/uploads/glasses/onz_glasstype_coupe.webp","2026-01-12 17:55:00.581312","2026-01-12 17:55:00.581312","3","4","1","3","3","0","3","1","0","0","0","0","0","2","0","0","0","4","0","0","0","0","0","0","0","2","0","26","2","1","5","0","mezcal|rum|liqueur","up","verified","egg"
"91","정글 버드","Jungle Bird","보통","12","15","스탠다드","럼",,"록스","여름","다크 럼 45ml (1½ oz), 캄파리 22.5ml (¾ oz), 파인애플 주스 45ml (1½ oz), 라임 주스 15ml (½ oz), 설탕 시럽 15ml (½ oz)",,"쌉쌀한, 파인애플, 열대, 복합적인","열대, 독특한, 휴양지, 여름","4","1. 셰이커에 얼음을 가득 채운다. / 2. 다크 럼 45ml (1½ oz), 캄파리 22.5ml (¾ oz), 파인애플 주스 45ml (1½ oz), 라임 주스 15ml (½ oz), 설탕 시럽 15ml (½ oz)를 넣는다. / 3. 15초간 강하게 흔든다. / 4. 록스 잔에 크고 단단한 얼음 한 덩이를 넣는다. 그 위에 걸러 따른다.","AUTO","0","0","0","1978년 말레이시아 쿠알라룸푸르 힐튼 호텔의 에이비어리 바(Aviary Bar)에서 만들어짐. 열대 칵테일에 캄파리의 쓴맛을 더한 독특한 조합으로, 티키 칵테일의 새로운 지평을 열었다고 평가받음. 이름은 호텔 바에서 창밖으로 보이던 새들에서 유래했으며, 달콤함 속의 쌉쌀한 맛이 매력적.","http://onz-cocktail.kr/uploads/cocktails/onz_cocktail_Jungle_Bird.webp","http://onz-cocktail.kr/uploads/glasses/onz_glasstype_rocks.webp","2026-01-12 17:55:00.582681","2026-01-12 17:55:00.582681","3","3","3","2","3","0","0","4","0","0","2","0","0","0","0","0","2","0","0","0","1","0","0","0","2","0","0","14","3","3","4","0","rum|liqueur","rocks","verified",
"92","미셔너리즈 다운폴","Missionary's Downfall","보통","14","16","스탠다드","럼",,"쿠페","여름","화이트 럼 30ml (1 oz), 피치 브랜디 15ml (½ oz), 꿀 시럽 30ml (1 oz), 라임 주스 30ml (1 oz), 파인애플 3-4조각, 민트잎 10장",,"민트, 복숭아, 파인애플, 상큼한","열대, 상쾌한, 과일, 여름","3","1. 쿠페 잔에 민트잎 10장을 넣고 가볍게 으깬다. / 2. 화이트 럼 30ml (1 oz), 피치 브랜디 15ml (½ oz), 꿀 시럽 30ml (1 oz), 라임 주스 30ml (1 oz), 파인애플 3-4조각을 넣는다. / 3. 쿠페 잔에 얼음을 채운다.","AUTO","0","0","1","1937년 돈 비치(Donn Beach)가 만든 또 다른 클래식 티키 칵테일. '선교사의 몰락'이라는 도발적인 이름은 칵테일의 유혹적인 맛을 표현. 민트와 복숭아, 파인애플이 어우러져 매우 상쾌하고 향긋하며, 블렌더로 갈아 만드는 스무디 스타일.","http://onz-cocktail.kr/uploads/cocktails/onz_cocktail_Missionarys_Downfall.webp","http://onz-cocktail.kr/uploads/glasses/onz_glasstype_coupe.webp","2026-01-12 17:55:00.583909","2026-01-12 17:55:00.583909","4","4","0","1","2","0","3","3","0","3","0","4","0","0","0","0","0","0","0","0","0","0","0","2","3","0","0","15","4","2","3","0","rum|liqueur","up","verified",
"93","페이퍼 플레인","Paper Plane","강함","26","28","스트롱","위스키",,"쿠페","사계절","버번 위스키 30ml (1 oz), 아마로 노니노 30ml (1 oz), 아페롤 30ml (1 oz), 레몬 주스 30ml (1 oz)",,"쌉쌀달콤, 오렌지, 레몬, 허브","균형감, 현대적인, 세련된, 식전","4","1. 셰이커에 얼음을 가득 채운다. / 2. 버번 위스키 30ml (1 oz), 아마로 노니노 30ml (1 oz), 아페롤 30ml (1 oz), 레몬 주스 30ml (1 oz)를 넣는다. / 3. 15초간 강하게 흔든다. / 4. 미리 차갑게 식힌 쿠페 잔에 걸러 따른다.","AUTO","0","0","3","2007년 시카고의 바텐더 샘 로스(Sam Ross)가 M.I.A.의 동명 노래에서 영감을 받아 창작. 라스트 워드의 변형으로, 네 가지 재료가 동일한 비율로 들어가는 것이 특징. 버번의 달콤함, 아마로의 쌉쌀함, 아페롤의 오렌지 풍미, 레몬의 상큼함이 완벽한 조화를 이룸.","http://onz-cocktail.kr/uploads/cocktails/onz_cocktail_Paper_Plane.webp","http://onz-cocktail.kr/uploads/glasses/onz_glasstype_coupe.webp","2026-01-12 17:55:00.585414","2026-01-12 17:55:00.585414","3","4","3","3","3","0","4","0","0","0","3","0","0","0","0","0","2","0","0","0","1","0","0","0","0","2","0","27","3","4","4","0","whiskey|liqueur","up","verified",
"94","페니실린","Penicillin","보통","18","20","스페셜","위스키",,"록스","겨울","블렌디드 스카치 위스키 60ml (2 oz), 레몬 주스 22.5ml (¾ oz), 꿀-생강 시럽 22.5ml (¾ oz), 싱글몰트 위스키 (라가불린 16년) 7.5ml (¼ oz)",,"생강, 꿀, 레몬, 스모키","따뜻한, 스모키, 독특한, 겨울","4","1. 셰이커에 얼음을 가득 채운다. / 2. 블렌디드 스카치 위스키 60ml (2 oz), 레몬 주스 22.5ml (¾ oz), 꿀-생강 시럽 22.5ml (¾ oz), 싱글몰트 위스키 (라가불린 16년) 7.5ml (¼ oz)를 넣는다. / 3. 15초간 강하게 흔든다. / 4. 록스 잔에 크고 단단한 얼음 한 덩이를 넣는다. 그 위에 걸러 따른다.","AUTO","0","0","0","2005년 뉴욕의 바 '밀크 앤 허니'에서 샘 로스(Sam Ross)가 창작한 현대 클래식. '만병통치약'이라는 이름처럼 감기 기운이 있을 때 마시면 좋을 것 같은 따뜻하고 스파이시한 맛. 꿀과 생강의 조화 위에 마지막으로 피트한 싱글몰트 위스키를 띄워 스모키한 향을 더하는 것이 핵심.","http://onz-cocktail.kr/uploads/cocktails/onz_cocktail_Penicillin.webp","http://onz-cocktail.kr/uploads/glasses/onz_glasstype_rocks.webp","2026-01-12 17:55:00.586516","2026-01-12 17:55:00.586516","3","3","0","3","3","0","3","0","0","0","0","0","0","4","0","0","2","4","0","0","0","0","0","0","0","3","0","19","3","2","4","0","whiskey","rocks","verified",
"95","피스코 펀치","Pisco Punch","보통","16","18","스탠다드","피스코",,"쿠페","여름","피스코 60ml (2 oz), 파인애플 시럽 22.5ml (¾ oz), 설탕 시럽 15ml (½ oz), 라임 주스 15ml (½ oz), 정향 3개, 화이트 와인 30ml (1 oz)",,"파인애플, 포도, 달콤, 상큼한","역사적인, 클래식, 과일, 여름","4","1. 셰이커에 얼음을 가득 채운다. / 2. 피스코 60ml (2 oz), 파인애플 시럽 22.5ml (¾ oz), 설탕 시럽 15ml (½ oz), 라임 주스 15ml (½ oz), 정향 3개, 화이트 와인 30ml (1 oz)를 넣는다. / 3. 15초간 강하게 흔든다. / 4. 미리 차갑게 식힌 쿠페 잔에 걸러 따른다.","AUTO","0","0","0","19세기 후반 샌프란시스코의 '뱅크 익스체인지 살롱'에서 던컨 니콜(Duncan Nicol)이 만든 전설적인 펀치. 당시 큰 인기를 끌었으나, 주재료인 파인애플 검(Gum) 시럽의 레시피가 비밀에 부쳐져 한동안 자취를 감춤. 피스코의 포도향과 파인애플의 달콤함이 어우러져 매우 매혹적이고 중독적인 맛을 냄.","http://onz-cocktail.kr/uploads/cocktails/onz_cocktail_Pisco_Punch.webp","http://onz-cocktail.kr/uploads/glasses/onz_glasstype_coupe.webp","2026-01-12 17:55:00.587837","2026-01-12 17:55:00.587837","4","3","0","2","2","0","3","4","0","0","0","0","0","0","0","0","0","0","0","0","0","0","0","2","2","0","0","17","4","2","3","0","pisco","up","verified",
"96","서퍼링 바스타드","Suffering Bastard","보통","14","16","스페셜","진, 브랜디",,"머그","여름","진 30ml (1 oz), 브랜디 30ml (1 oz), 라임 주스 15ml (½ oz), 앙고스투라 비터스 2 dashes, 진저비어",,"생강, 라임, 허브, 스파이시","해장, 독특한, 클래식, 여름","3","1. 머그에 얼음을 가득 넣는다. / 2. 진 30ml (1 oz), 브랜디 30ml (1 oz), 라임 주스 15ml (½ oz), 앙고스투라 비터스 2 dashes를 붓는다. / 3. 진저비어를 잔 벽을 따라 천천히 채운다.","AUTO","0","0","0","1942년 이집트 카이로의 한 호텔 바에서 조셉 스키알롬(Joe Scialom)이 숙취에 시달리던 연합군 장교들을 위해 만듦. '고통받는 개자식'이라는 재미있는 이름은 숙취의 고통을 그대로 표현한 것. 진과 브랜디를 함께 사용하고 진저 비어를 넣어 만드는 독특한 조합의 해장 칵테일.","http://onz-cocktail.kr/uploads/cocktails/onz_cocktail_Suffering_Bastard.webp","http://onz-cocktail.kr/uploads/glasses/onz_glasstype_copper_mug.webp","2026-01-12 17:55:00.588974","2026-01-12 17:55:00.588974","3","3","1","2","2","4","3","0","0","0","0","0","0","4","0","0","2","0","0","0","0","0","0","1","2","0","0","15","3","2","3","0","gin|brandy","long","verified",
"97","쓰리 닷츠 앤 어 대시","Three Dots and a Dash","강함","22","25","스트롱","럼",,"티키 머그","여름","숙성 럼 45ml (1½ oz), 블렌디드 럼 15ml (½ oz), 팔레넘 시럽 7.5ml (¼  oz), 올스파이스 세인트 엘리자베스 7.5ml (¼  oz), 오렌지 주스 15ml (½ oz), 꿀 시럽 15ml (½ oz), 앙고스투라 비터스 45ml (1½ oz), 체리, 파인애플 조각",,"열대과일, 스파이시, 허브, 복합적인","티키, 독특한, 여름, 강렬한","4","1. 셰이커에 얼음을 가득 채운다. / 2. 숙성 럼 45ml (1½ oz), 블렌디드 럼 15ml (½ oz), 팔레넘 시럽 7.5ml (¼ oz), 올스파이스 세인트 엘리자베스 7.5ml (¼ oz), 오렌지 주스 15ml (½ oz), 꿀 시럽 15ml (½ oz), 앙고스투라 비터스 45ml (1½ oz), 체리, 파인애플 조각을 넣는다. / 3. 15초간 강하게 흔든다. / 4. 티키 머그에 크러시드 아이스를 가득 넣는다. 그 위에 걸러 따른다.","AUTO","0","0","0","제2차 세계대전 중 돈 비치(Donn Beach)가 만든 티키 칵테일. 이름은 모스 부호로 'V' (Victory, 승리)를 의미하는 '점 셋, 선 하나 (···–)'에서 유래. 다양한 럼과 시럽, 주스가 어우러져 매우 복합적이고 강렬한 맛을 내는 티키 칵테일의 정수.","http://onz-cocktail.kr/uploads/cocktails/onz_cocktail_Three_Dots_and_a_Dash.webp","http://onz-cocktail.kr/uploads/glasses/onz_glasstype_Tiki_mug.webp","2026-01-12 17:55:00.590244","2026-01-12 17:55:00.590244","4","3","1","3","3","0","0","3","0","0","0","0","0","4","0","0","3","0","0","0","0","0","0","1","0","2","0","23","2","1","5","0","rum|liqueur","up","verified",
"98","트리니다드 사워","Trinidad Sour","보통","18","20","스페셜","앙고스투라 비터스",,"쿠페","사계절","앙고스투라 비터스 45ml (1½ oz), 오르쟈 시럽 30ml (1 oz), 레몬 주스 22.5ml (¾ oz), 라이 위스키 15ml (½ oz)",,"쌉쌀한, 허브, 스파이시, 독특한","독특한, 강렬한, 모험적인","4","1. 셰이커에 얼음을 가득 채운다. / 2. 앙고스투라 비터스 45ml (1½ oz), 오르쟈 시럽 30ml (1 oz), 레몬 주스 22.5ml (¾ oz), 라이 위스키 15ml (½ oz)를 넣는다. / 3. 15초간 강하게 흔든다. / 4. 미리 차갑게 식힌 쿠페 잔에 걸러 따른다.","AUTO","0","0","0","2009년 뉴욕의 바텐더 주세페 곤잘레스(Giuseppe González)가 만든 혁명적인 칵테일. 보통 몇 방울만 사용하는 앙고스투라 비터스를 베이스 스피릿처럼 대량으로 사용하는 것이 특징. 비터스의 강렬한 쓴맛과 향을 오르쟈 시럽의 단맛이 잡아주며 경이로운 균형감을 만들어냄.","http://onz-cocktail.kr/uploads/cocktails/onz_cocktail_Trinidad_Sour.webp","http://onz-cocktail.kr/uploads/glasses/onz_glasstype_coupe.webp","2026-01-12 17:55:00.591751","2026-01-12 17:55:00.591751","4","4","4","4","4","0","2","0","0","0","0","0","0","5","0","3","0","0","0","0","0","0","0","0","0","2","0","28","1","1","5","0","liqueur|whiskey","up","verified","nut"
"99","Ve.N.To","Ve.N.To","보통","14","16","스페셜","그라파",,"쿠페","봄","화이트 그라파 45ml (1½ oz), 레몬즙 22.5ml (¾ oz), 허니 믹스 15ml (½ oz), 캐모마일 코디얼 15ml (½ oz)",,"포도, 꿀, 캐모마일, 허브","독특한, 이탈리아, 향긋한, 식전","4","1. 셰이커에 얼음을 가득 채운다. / 2. 화이트 그라파 45ml (1½ oz), 레몬즙 22.5ml (¾ oz), 허니 믹스 15ml (½ oz), 캐모마일 코디얼 15ml (½ oz)를 넣는다. / 3. 15초간 강하게 흔든다. / 4. 미리 차갑게 식힌 쿠페 잔에 걸러 따른다.","AUTO","0","0","0","이탈리아의 증류주 '그라파'를 베이스로 한 최초의 IBA 공식 칵테일. 이름은 칵테일을 고안한 2인의 각각의 고향인 베네토(Veneto)와 트렌티노 알토아디제(Trentino-Alto Adige)의 앞 글자를 합친 단어로, 이탈리아어로 바람을 의미. 그라파의 포도향과 캐모마일의 꽃향기가 어우러져 향긋하고 섬세한 맛을 내는 것이 특징.","http://onz-cocktail.kr/uploads/cocktails/onz_cocktail_Ve_N_To.webp","http://onz-cocktail.kr/uploads/glasses/onz_glasstype_coupe.webp","2026-01-12 17:55:00.593007","2026-01-12 17:55:00.593007","3","4","0","2","2","0","4","0","0","0","2","0","3","0","0","0","0","0","0","0","2","0","0","0","0","0","1","15","3","1","5","0","other","up","verified",
"100","샤르트뢰즈 스위즐","Chartreuse Swizzle","보통","15","17","스페셜","리큐르",,"하이볼","여름","그린 샤르트뢰즈 45ml (1½ oz), 팔레넘 시럽 15ml (½ oz), 파인애플 주스 30ml (1 oz), 라임 주스 22.5ml (¾ oz), 민트",,"허브, 파인애플, 라임, 상쾌한","독특한, 허브, 상쾌한, 여름","5","1. 셰이커에 얼음을 가득 채운다. / 2. 그린 샤르트뢰즈 45ml (1½ oz), 팔레넘 시럽 15ml (½ oz), 파인애플 주스 30ml (1 oz), 라임 주스 22.5ml (¾ oz)를 넣는다. / 3. 15초간 강하게 흔든다. / 4. 하이볼 잔에 얼음을 잔 끝까지 넣는다. 그 위에 걸러 따른다. / 5. 민트로 장식한다.","AUTO","0","0","0","샌프란시스코의 바텐더 마르코 디오니소스(Marco Dionysos)가 만든 현대 티키 칵테일. 130가지 허브로 만드는 비밀의 리큐르 '그린 샤르트뢰즈'를 메인으로 사용. 스위즐 스틱으로 저어 만드는 '스위즐' 스타일로, 샤르트뢰즈의 복합적인 허브향과 열대과일의 조화가 뛰어남.","http://onz-cocktail.kr/uploads/cocktails/onz_cocktail_Chartreuse_Swizzle.webp","http://onz-cocktail.kr/uploads/glasses/onz_glasstype_highball.webp","2026-01-12 17:55:00.594298","2026-01-12 17:55:00.594298","4","3","0","2","2","4","3","3","0","0","5","0","0","0","0","0","0","0","0","0","0","0","0","0","2","0","0","16","2","2","5","0","liqueur","long","verified",
"101","IBA 티키","IBA Tiki","강함","23","25","스트롱","럼",,"티키 머그","여름","하바나클럽 프로푼도 30ml (1 oz), 하바나클럽 스모키 30ml (1 oz), 아마레토 15ml (½ oz), 프란젤리코 15ml (½ oz), 룩사르도 마라스키노 5  drops, 패션 프루트 퓌레 30ml (1 oz), 파인애플 주스 90ml (3 oz), 라임즙 30ml (1 oz), 얇은 생강 1 조각",,"열대과일, 코코넛, 스파이시, 복합적인","티키, 파티, 여름, 화려한","4","1. 셰이커에 얼음을 가득 채운다. / 2. 하바나클럽 프로푼도 30ml (1 oz), 하바나클럽 스모키 30ml (1 oz), 아마레토 15ml (½ oz), 프란젤리코 15ml (½ oz), 룩사르도 마라스키노 5 drops, 패션 프루트 퓌레 30ml (1 oz), 파인애플 주스 90ml (3 oz), 라임즙 30ml (1 oz), 얇은 생강 1 조각을 넣는다. / 3. 15초간 강하게 흔든다. / 4. 티키 머그에 크러시드 아이스를 가득 넣는다. 그 위에 걸러 따른다.","AUTO","0","0","0","IBA가 티키 칵테일의 정수를 담아 공식적으로 제시하는 표준 레시피. 여러 종류의 럼과 주스, 시럽을 혼합하여 티키 칵테일 특유의 복합적이고 풍부한 맛을 구현. 현대 티키 문화의 다양성과 창의성을 존중하며, 기본이 되는 가이드라인을 제공하기 위해 만들어짐.","http://onz-cocktail.kr/uploads/cocktails/onz_cocktail_IBA_Tiki.webp","http://onz-cocktail.kr/uploads/glasses/onz_glasstype_Tiki_mug.webp","2026-01-12 17:55:00.595573","2026-01-12 17:55:00.595573","4","3","0","3","4","0","0","3","0","0","0","0","0","0","0","3","2","2","0","0","0","0","0","2","0","0","0","24","3","1","5","0","rum|liqueur","long","verified","nut"
"102","골든 드림","Golden Dream","보통","17","19","스탠다드","리큐르",,"쿠페","사계절","갈리아노 20ml (⅔ oz), 트리플 섹 20ml (⅔ oz), 오렌지 주스 20ml (⅔ oz), 생크림 10ml (⅓ oz)",,"오렌지, 크리미, 바닐라, 달콤한, 부드러운","디저트, 부드러운, 70년대, 레트로","4","1. 셰이커에 갈리아노 20ml (⅔ oz), 트리플 섹 20ml (⅔ oz), 오렌지 주스 20ml (⅔ oz), 생크림 10ml (⅓ oz)를 넣는다. / 2. 얼음 없이 먼저 15초간 흔든다. / 3. 얼음을 채우고 15초간 강하게 흔든다. / 4. 미리 차갑게 식힌 쿠페 잔에 걸러 따른다.","AUTO","0","0","0","1960년대 미국 마이애미의 바텐더가 배우 조안 크로포드를 위해 만들었다는 설이 있습니다. 이름처럼 황금빛을 띠며, 부드럽고 달콤한 꿈같은 맛을 선사합니다. 오렌지 주스와 생크림이 들어가 '오렌지 크림시클' 아이스크림을 연상시키는 맛으로 70년대에 큰 인기를 끌었습니다.","http://onz-cocktail.kr/uploads/cocktails/onz_cocktail_Golden_Dream.webp","http://onz-cocktail.kr/uploads/glasses/onz_glasstype_coupe.webp","2026-01-12 17:55:00.596877","2026-01-12 17:55:00.596877","5","2","0","2","5","0","4","0","0","0","2","0","0","0","0","4","0","0","0","0","0","0","3","0","0","0","0","18","4","2","3","0","liqueur","up","verified","dairy"
"103","리멤버 더 메인","Remember the Maine","강함","32","34","스트롱","위스키",,"쿠페","가을","라이 위스키 60ml (2 oz), 스위트 베르무트 22.5ml (¾ oz), 체리 리큐르 15ml (½  oz), 압생트 7.5ml (¼  oz)",,"스파이시, 허브, 쌉쌀달콤, 체리향, 클래식","클래식, 깊은 맛, 역사적인, 차분한","3","1. 믹싱 글라스에 얼음을 채우고 라이 위스키 60ml (2 oz), 스위트 베르무트 22.5ml (¾ oz), 체리 리큐르 15ml (½ oz), 압생트 7.5ml (¼ oz)를 넣는다. / 2. 20~30초간 충분히 젓는다. / 3. 미리 차갑게 식힌 쿠페 잔에 걸러 따른다.","AUTO","1","0","2","1939년 찰스 H. 베이커(Charles H. Baker)의 저서 '신사의 동반자(The Gentleman's Companion)'에 처음 기록된 클래식 칵테일입니다. 이름은 1898년 쿠바 아바나 항에서 폭발한 미 해군 군함 '메인(Maine)호'를 추모하고, 당시의 구호 ""메인호를 기억하라!""에서 유래했습니다. 맨해튼 칵테일의 변형으로 볼 수 있으며, 체리 리큐르와 압생트가 더해져 훨씬 더 복합적이고 스파이시한 풍미를 자아냅니다.","http://onz-cocktail.kr/uploads/cocktails/onz_cocktail_Remember_the_Maine.webp","http://onz-cocktail.kr/uploads/glasses/onz_glasstype_coupe.webp","2026-01-12 17:55:00.598288","2026-01-12 17:55:00.598288","3","1","3","5","5","0","0","0","2","0","2","0","0","0","0","0","4","0","2","0","0","0","0","0","0","3","0","33","1","2","5","0","whiskey|fortified|liqueur","up","verified",
"104","바라쿠다","Barracuda","보통","15","17","스페셜","럼",,"하이볼","여름","골드 럼 45ml (1½ oz), 갈리아노 15ml (½ oz), 파인애플 주스 60ml (2 oz), 라임 주스 1 dash, 프로세코",,"파인애플, 허브, 스파클링, 열대과일, 달콤한","여름, 휴양지, 축하, 상쾌한","3","1. 하이볼 잔에 얼음을 잔 끝까지 넣는다. / 2. 골드 럼 45ml (1½ oz), 갈리아노 15ml (½ oz), 파인애플 주스 60ml (2 oz), 라임 주스 1 dash를 붓는다. / 3. 프로세코를 잔 벽을 따라 천천히 채운다.","AUTO","0","0","0","2010년대에 이탈리아 바텐더 베니토 쿠오모(Benito Cuomo)가 만든 현대 칵테일입니다. 이름은 빠르고 날렵한 바다 물고기 '바라쿠다'에서 영감을 얻었습니다. 럼 베이스의 트로피컬 칵테일에 프로세코(스파클링 와인)를 더해 청량감을 살린 것이 특징입니다.","http://onz-cocktail.kr/uploads/cocktails/onz_cocktail_Barracuda.webp","http://onz-cocktail.kr/uploads/glasses/onz_glasstype_highball.webp","2026-01-12 17:55:00.599476","2026-01-12 17:55:00.599476","4","3","0","2","2","4","0","4","0","0","2","0","0","0","0","0","0","0","0","0","0","0","0","3","0","0","2","16","4","2","3","0","rum|liqueur|sparkling","up","verified",
"105","티퍼러리","Tipperary","강함","28","30","스트롱","위스키",,"쿠페","가을","아이리시 위스키 50ml (1⅔ oz), 스위트 베르무트 25ml (⅘ oz), 그린 샤르트뢰즈 12.5ml (⅖ oz), 앙고스투라 비터스 2 dashes",,"허브, 스파이시, 쌉쌀달콤, 클래식, 위스키","클래식, 깊은 맛, 아일랜드, 차분한","3","1. 믹싱 글라스에 얼음을 채우고 아이리시 위스키 50ml (1⅔ oz), 스위트 베르무트 25ml (⅘ oz), 그린 샤르트뢰즈 12.5ml (⅖ oz), 앙고스투라 비터스 2 dashes를 넣는다. / 2. 20~30초간 충분히 젓는다. / 3. 미리 차갑게 식힌 쿠페 잔에 걸러 따른다.","AUTO","1","0","2","1916년 'Recipes for Mixed Drinks'라는 책에 처음 등장한 클래식 칵테일입니다. 이름은 1차 세계대전 당시 유행했던 아일랜드 군가 'It's a Long Way to Tipperary'에서 유래했습니다. 아이리시 위스키 베이스에 그린 샤르트뢰즈의 복합적인 허브향이 더해져 깊고 풍부한 풍미를 자아냅니다.","http://onz-cocktail.kr/uploads/cocktails/onz_cocktail_Tipperary.webp","http://onz-cocktail.kr/uploads/glasses/onz_glasstype_coupe.webp","2026-01-12 17:55:00.600863","2026-01-12 17:55:00.600863","3","0","2","5","4","0","0","0","0","0","4","0","0","0","0","0","3","0","0","0","0","0","0","0","0","3","0","29","1","1","5","0","whiskey|fortified|liqueur","up","verified",
